ºº×Ö,Æ´Òô,±Ê»­,´ÊÆµ
Ò»,yi,1,11752
ÒÒ,yi,1,29
¶¡,ding,2,145
Æß,qi,2,198
ÄË,nai,2,30
Ø¿,nie,2,1162
¾Å,jiu,2,3708
ÁË,le,2,2675
¶ş,er,2,14573
ÈË,ren,2,1008
¶ù,er,2,3
Èë,ru,2,20
°Ë,ba,2,51
¼¸,ji,2,964
µ¶,dao,2,359
µó,diao,2,6
Á¦,li,2,1
Ê®,shi,2,89
²·,bo,2,13
³§,chang,2,777
ÓÖ,you,2,63
Íò,wan,3,2
ÕÉ,zhang,3,174
Èı,san,3,2168
ÉÏ,shang,3,45
ÏÂ,xia,3,83
Óë,yu,3,5456
¸ö,ge,3,1199
Ñ¾,ya,3,1622
Íè,wan,3,68
¾Ã,jiu,3,32
Ø±,tuo,3,87
Ã´,me,3,43
Òå,yi,3,41
Ö®,zhi,3,1215
Æò,qi,3,521
Ò²,ye,3,23
Ï°,xi,3,102
Ïç,xiang,3,158
ÓÚ,yu,3,99
¿÷,kui,3,2
Íö,wang,3,3588
ÒÚ,yi,3,44
Ø£,wu,3,2065
·²,fan,3,37
Ç§,qian,3,19
ÎÀ,wei,3,70
²æ,cha,3,57
¼°,ji,3,205
¿Ú,kou,3,3
ÍÁ,tu,3,33
Ê¿,shi,3,48
Ï¦,xi,3,3
´ó,da,3,6
Å®,nv,3,131
×Ó,zi,3,15
´ç,cun,3,5868
Ğ¡,xiao,3,65
Ê¬,shi,3,75
É½,shan,3,645
´¨,chuan,3,13
¹¤,gong,3,196
¼º,ji,3,284
ÒÑ,yi,3,22
ËÈ,si,3,5
½í,jin,3,20601
¸É,gan,3,5
çÛ,yao,3,64
¹ã,guang,3,2579
ß®,yi,3,2544
¹­,gong,3,543
²Å,cai,3,174
ÃÅ,men,3,705
·É,fei,3,10
Âí,ma,3,554
²»,bu,4,32
Ø¤,gai,4,3
³ó,chou,4,2113
×¨,zhuan,4,43
ÖĞ,zhong,4,1
·á,feng,4,240
µ¤,dan,4,4
Îª,wei,4,357
ÎÚ,wu,4,31
·¦,fa,4,15
Êé,shu,4,27
Óè,yu,4,147
ÔÆ,yun,4,57
»¥,hu,4,49
Îå,wu,4,1057
¾®,jing,4,4
¿º,kang,4,10253
Ê²,shen,4,1
ÈÊ,ren,4,1800
Øê,ding,4,80
ØÆ,ze,4,4
½ö,jin,4,4
ÆÍ,pu,4,5
³ğ,chou,4,38
½ñ,jin,4,22
½é,jie,4,2058
ÈÔ,reng,4,9
´Ó,cong,4,275
²Ö,cang,4,749
ÒÔ,yi,4,8
ÔÊ,yun,4,61
Ôª,yuan,4,9
¹«,gong,4,7518
Áù,liu,4,84
Ùâ,xi,4,23
ÄÚ,nei,4,199
Èß,rong,4,126
·ï,feng,4,292
Ğ×,xiong,4,1095
·Ö,fen,4,48
ÇĞ,qie,4,4760
È°,quan,4,44
°ì,ban,4,3
¹´,gou,4,4
Îğ,wu,4,476
ÔÈ,yun,4,21
»¯,hua,4,138
Æ¥,pi,4,3
Çø,qu,4,13
Éı,sheng,4,9
Îç,wu,4,1
¶ò,e,4,198
Ìü,ting,4,4
Àú,li,4,59
ÓÑ,you,4,1143
Ë«,shuang,4,13
·´,fan,4,75
ÈÉ,ren,4,800
Ìì,tian,4,14
Ì«,tai,4,1
·ò,fu,4,283
Ø²,yao,4,258
¿×,kong,4,12
ÉÙ,shao,4,2
ÓÈ,you,4,37
Òü,yin,4,10
³ß,chi,4,72
ÍÍ,tun,4,48
¾Ş,ju,4,83
°Í,ba,4,100
»Ã,huan,4,347
¿ª,kai,4,2
Òı,yin,4,397
ĞÄ,xin,4,278
Òä,yi,4,115
¸ê,ge,4,870
»§,hu,4,2
ÊÖ,shou,4,13
Ôú,zha,4,191
Ö§,zhi,4,1081
ÎÄ,wen,4,137
¶·,dou,4,2
½ï,jin,4,153
·½,fang,4,1124
ÎŞ,wu,4,1
ÈÕ,ri,4,6956
Ô»,yue,4,3
ÔÂ,yue,4,35
Ä¾,mu,4,7
Ç·,qian,4,52
Ö¹,zhi,4,2
´õ,dai,4,571
±È,bi,4,132
Ã«,mao,4,3
ÊÏ,shi,4,98
Æø,qi,4,275
Ë®,shui,4,1
»ğ,huo,4,109
×¦,zhao,4,377
¸¸,fu,4,3
Ø³,yao,4,1
Æ¬,pian,4,37
ÑÀ,ya,4,1
Å£,niu,4,8
È®,quan,4,5
Íõ,wang,4,91
Íß,wa,4,13
ÒÕ,yi,4,3948
¼û,jian,4,22
¼Æ,ji,4,3
¶©,ding,4,33
¸¼,fu,4,25
ÈÏ,ren,4,31
¼¥,ji,4,163
±´,bei,4,1
³µ,che,4,157
µË,deng,4,12
³¤,zhang,4,6
ãÅ,shuan,4,363
¶Ó,dui,4,2
Î¤,wei,4,2
·ç,feng,4,3
ÇÒ,qie,5,12
ÊÀ,shi,5,82
Çğ,qiu,5,12
±û,bing,5,143
Òµ,ye,5,1
´Ô,cong,5,4
¶«,dong,5,7
Ë¿,si,5,1
Ö÷,zhu,5,41
Õ§,zha,5,9
ºõ,hu,5,1494
ÀÖ,le,5,2
×Ğ,zai,5,154
ÊË,shi,5,333
Ëû,ta,5,51
ÕÌ,zhang,5,114
¸¶,fu,5,2
ÏÉ,xian,5,29
´ú,dai,5,9
Áî,ling,5,47
ÒÇ,yi,5,1
ÃÇ,men,5,7
ĞÖ,xiong,5,15
À¼,lan,5,106
È½,ran,5,15
²á,ce,5,1
Ğ´,xie,5,142
¶¬,dong,5,13
·ë,feng,5,1
Í¹,tu,5,290
°¼,ao,5,9
³ö,chu,5,548
»÷,ji,5,85
¹¦,gong,5,13
¼Ó,jia,5,82
Îñ,wu,5,153
°ü,bao,5,18
´Ò,cong,5,17
±±,bei,5,16
ÔÑ,za,5,2
»Ü,hui,5,65
°ë,ban,5,9
Õ¼,zhan,5,75
Ã®,mao,5,32
Ó¡,yin,5,2
À÷,li,5,69
È¥,qu,5,3
·¢,fa,5,6
¹Å,gu,5,23
¾ä,ju,5,54
Áí,ling,5,5926
ß¶,dao,5,1
ßµ,kou,5,27
Ö»,zhi,5,111
½Ğ,jiao,5,326
ÕÙ,zhao,5,22
°È,ba,5,18
¶£,ding,5,884
¿É,ke,5,247
Ì¨,tai,5,17
ß³,chi,5,205
Ê·,shi,5,12
ÓÒ,you,5,15
ØÏ,po,5,1
Ò¶,ye,5,6
ºÅ,hao,5,19
Ë¾,si,5,14
Ì¾,tan,5,405
ß´,ji,5,214
Çô,qiu,5,267
ËÄ,si,5,292
Ê¥,sheng,5,158
´¦,chu,5,81
Íâ,wai,5,158
Ñë,yang,5,127
º»,ben,5,149
Ê§,shi,5,318
Í·,tou,5,20
Å«,nu,5,410
ÄÌ,nai,5,26
ÔĞ,yun,5,50
Äş,ning,5,6
¶Ô,dui,5,229
¶û,er,5,59
Äá,ni,5,12
×ó,zuo,5,2
ÇÉ,qiao,5,878
ÊĞ,shi,5,6
²¼,bu,5,53
Ë§,shuai,5,1220
Æ½,ping,5,50
Ó×,you,5,6
¸¥,fu,5,315
ºë,hong,5,32
¹é,gui,5,11
±Ø,bi,5,31
ÆË,pu,5,10
°Ç,ba,5,49
´ò,da,5,8
ÈÓ,reng,5,34
µ©,dan,5,55
¾É,jiu,5,36
Î´,wei,5,42
Ä©,mo,5,22
±¾,ben,5,294
Ôı,zha,5,2
Êõ,shu,5,329
Õı,zheng,5,24
Ä¸,mu,5,2
Ãñ,min,5,174
ÓÀ,yong,5,26
Í¡,ting,5,95
Ö­,zhi,5,83
»ã,hui,5,4
ºº,han,5,8
Ãğ,mie,5,44
·¸,fan,5,73
Ğş,xuan,5,2
Óñ,yu,5,20
¹Ï,gua,5,1371
¸Ê,gan,5,189
Éú,sheng,5,1899
ÓÃ,yong,5,4
Ë¦,shuai,5,108
Ìï,tian,5,1
ÓÉ,you,5,8
¼×,jia,5,13
Éê,shen,5,33
µç,dian,5,10
°×,bai,5,9
Æ¤,pi,5,3129
Ãó,min,5,18
Ä¿,mu,5,16
Ã¬,mao,5,47
Ê¸,shi,5,16
Ê¯,shi,5,745
Ê¾,shi,5,73
Àñ,li,5,4
ºÌ,he,5,21
Ñ¨,xue,5,21
Á¢,li,5,27
¾À,jiu,5,311
°¬,ai,5,317
½Ú,jie,5,297
ÌÖ,tao,5,2
ÈÃ,rang,5,123
Ú¨,shan,5,7
Æı,qi,5,20
Ñµ,xun,5,1
Òé,yi,5,140
Ñ¶,xun,5,1219
¼Ç,ji,5,10
Ôş,zha,5,2203
±ß,bian,5,60
Úø,mang,5,1
ÉÁ,shan,5,3
¼¢,ji,5,2
Ô¦,yu,5,28
Äñ,niao,5,199
Áú,long,5,1
Ø©,cheng,6,31
¶ª,diu,6,7
ÇÇ,qiao,6,8
ØÀ,ji,6,3
Âò,mai,6,1253
Õù,zheng,6,3
Ø¨,gen,6,33
½»,jiao,6,13
º¥,hai,6,6
Òà,yi,6,12
²ú,chan,6,1
Ñö,yang,6,111
ÖÙ,zhong,6,45
Øõ,wu,6,54
¼ş,jian,6,14
¼Û,jia,6,6
ÈÎ,ren,6,7
·İ,fen,6,129
·Â,fang,6,392
ÒÁ,yi,6,266
Îé,wu,6,96
·ü,fu,6,136
·¥,fa,6,89
Ğİ,xiu,6,5
ÖÚ,zhong,6,388
ÓÅ,you,6,35
»ï,huo,6,12
»á,hui,6,33
É¡,san,6,4
Î°,wei,6,13
´«,chuan,6,83
ÉË,shang,6,2
Â×,lun,6,116
Øù,zhu,6,1
ËÆ,shi,6,59
³ä,chong,6,49
Õ×,zhao,6,12
ÏÈ,xian,6,27
¹â,guang,6,1
È«,quan,6,7
¹²,gong,6,1
¹Ø,guan,6,38
ĞË,xing,6,52
ÔÙ,zai,6,3
¾ü,jun,6,8
Å©,nong,6,238
±ù,bing,6,3
³å,chong,6,1
¾ö,jue,6,125
Ùì,fu,6,109
ØØ,wen,6,22
ĞÌ,xing,6,3
»®,hua,6,18
ÁĞ,lie,6,2
Áõ,liu,6,33
Ôò,ze,6,4
¸Õ,gang,6,1
´´,chuang,6,38
ÁÓ,lie,6,1
¶¯,dong,6,117
ĞÙ,xiong,6,38
½³,jiang,6,4
¿ï,kuang,6,992
»ª,hua,6,223
Ğ­,xie,6,68
Î£,wei,6,46
Ñ¹,ya,6,9
Ñá,yan,6,620
Óõ,xu,6,95
³Ô,chi,6,14
¸÷,ge,6,4
ßº,yao,6,3
ºÏ,he,6,1
¼ª,ji,6,171
µõ,diao,6,106
Í¬,tong,6,162
Ãû,ming,6,18
ºó,hou,6,17
Àô,li,6,46
ÍÂ,tu,6,7
Ïò,xiang,6,22
ÏÅ,xia,6,60
ÂÀ,lv,6,8
Âğ,ma,6,26
Îü,xi,6,16
»Ø,hui,6,18
Ø¶,xin,6,240
Òò,yin,6,693
ÍÅ,tuan,6,3
ÔÚ,zai,6,47
¹ç,gui,6,22
µØ,di,6,28
ÛÛ,kuang,6,2
³¡,chang,6,2
×³,zhuang,6,95
Ùí,su,6,78
¶à,duo,6,8
ÒÄ,yi,6,63
¿ä,kua,6,43
¼Ğ,jia,6,4
¶á,duo,6,2
¼é,jian,6,50
ºÃ,hao,6,2
Èç,ru,6,925
åú,fei,6,24
Íı,wang,6,5
×±,zhuang,6,22
¸¾,fu,6,59
Âè,ma,6,246
×Ö,zi,6,6056
´æ,cun,6,54
Ëï,sun,6,75
Õ¬,zhai,6,5070
Óî,yu,6,13
ÊØ,shou,6,273
°²,an,6,115
ËÂ,si,6,84
Ñ°,xun,6,304
µ¼,dao,6,970
¼â,jian,6,231
³¾,chen,6,340
Ò¢,yao,6,273
¾¡,jin,6,114
Ëê,sui,6,56
Æñ,qi,6,4
Öİ,zhou,6,38
Ñ²,xun,6,743
·«,fan,6,232
Ê¦,shi,6,615
Äê,nian,6,138
²¢,bing,6,37
×¯,zhuang,6,43
Çì,qing,6,4537
ÑÓ,yan,6,2216
Í¢,ting,6,9
Òì,yi,6,1
Ê½,shi,6,13
³Ú,chi,6,1808
µ±,dang,6,76
âã,chan,6,4
ââ,cun,6,171
Ã¦,mang,6,74
Ğç,xu,6,1
Êù,shu,6,85
ÈÖ,rong,6,59
Ï·,xi,6,159
³É,cheng,6,248
ÍĞ,tuo,6,1
¿¸,kang,6,29
¿Û,kou,6,1424
Ö´,zhi,6,589
ŞÑ,men,6,19
É¨,sao,6,227
Ñï,yang,6,42
ÊÕ,shou,6,57
Ö¼,zhi,6,582
Ôç,zao,6,544
Ñ®,xun,6,1361
Çú,qu,6,16
Ò·,ye,6,56
ÓĞ,you,6,579
Öì,zhu,6,96
ÆÓ,pu,6,1
¶ä,duo,6,83
»ú,ji,6,65
Ğà,xiu,6,2
É±,sha,6,21
ÔÓ,za,6,63
È¨,quan,6,1
´Î,ci,6,20
»¶,huan,6,6
´Ë,ci,6,186
ËÀ,si,6,107
±Ï,bi,6,3201
ÉÇ,shan,6,39
º¹,han,6,6
Èê,ru,6,36
½­,jiang,6,73
³Ø,chi,6,2
ÎÛ,wu,6,63
ÌÀ,tang,6,1
¼³,ji,6,30
µÆ,deng,6,52
»Ò,hui,6,192
Ò¯,ye,6,41
êò,pin,6,813
Ä²,mou,6,3
çà,ding,6,38
çá,ji,6,4
°Ù,bai,6,37
Öñ,zhu,6,1811
Ã×,mi,6,3
æú,yu,6,340
ºì,hong,6,14
æû,zhou,6,1
ÏË,xian,6,97
Ô¼,yue,6,23
¼¶,ji,6,1
æı,wan,6,3
¼Í,ji,6,12
ÈÒ,ren,6,4
Íø,wang,6,49
Ñò,yang,6,940
Óğ,yu,6,1
ÀÏ,lao,6,4
¿¼,kao,6,1438
¶ø,er,6,21
¶ú,er,6,248
Èâ,rou,6,24
Àß,lei,6,53
¼¡,ji,6,1
³¼,chen,6,13
×Ô,zi,6,7
ÖÁ,zhi,6,6
¾Ê,jiu,6,35
Éà,she,6,1
â¶,chuan,6,44
ÖÛ,zhou,6,12
É«,se,6,7
Óó,yu,6,592
ÉÖ,shao,6,42
Üº,xiong,6,8
Ü¶,du,6,2
Ã¢,mang,6,77
Ö¥,zhi,6,37
³æ,chong,6,69
Ñª,xue,6,119
ĞĞ,hang,6,4
ÒÂ,yi,6,6
Î÷,xi,6,28
¹Û,guan,6,23
½²,jiang,6,80
»ä,hui,6,2
Úª,ju,6,7
ÑÈ,ya,6,7
Ğí,xu,6,18
¶ï,e,6,63
ÂÛ,lun,6,698
ËÏ,song,6,14
·í,feng,6,9
Éè,she,6,7
·Ã,fang,6,1
Õê,zhen,6,14
¸º,fu,6,584
¹ì,gui,6,27
´ï,da,6,17
Ç¨,qian,6,34
ÓØ,yu,6,29
Æù,qi,6,1
Ñ¸,xun,6,2
¹ı,guo,6,38
Âõ,mai,6,11
ĞÏ,xing,6,4
ÄÇ,na,6,196
°î,bang,6,37
Ğ°,xie,6,2
Úù,wu,6,197
±Õ,bi,6,13
ÎÊ,wen,6,4
´³,chuang,6,100
Èî,ruan,6,1
·À,fang,6,2
Ñô,yang,6,4
Òõ,yin,6,4
Õó,zhen,6,1
½×,jie,6,1
Ò³,ye,6,189
â¼,tang,6,35
ÍÔ,tuo,6,58
Ñ±,xun,6,7
³Û,chi,6,4
Æë,qi,6,6
Á½,liang,7,7
ÑÏ,yan,7,2
´®,chuan,7,3
Àö,li,7,40
ÂÒ,luan,7,2
Ä¶,mu,7,1
²®,bo,7,8
¹À,gu,7,2
°é,ban,7,104
Áæ,ling,7,13
Éì,shen,7,12
ËÅ,si,7,61
Ù¤,ga,7,2
µ«,dan,7,1
Î»,wei,7,1
µÍ,di,7,37
×¡,zhu,7,666
×ô,zuo,7,323
ÓÓ,you,7,10
Ìå,ti,7,11
ºÎ,he,7,14
Óà,yu,7,6
Øı,yi,7,3
·ğ,fo,7,3
×÷,zuo,7,5
Øú,ning,7,1
Äã,ni,7,1
Ó¶,yong,7,10
¿Ë,ke,7,27
Ãâ,mian,7,3
¶Ò,dui,7,8
Ùî,si,7,3
±ø,bing,7,4
¿ö,kuang,7,17
Ò±,ye,7,1
Àä,leng,7,74
¶³,dong,7,1
³õ,chu,7,56
É¾,shan,7,12
ÅĞ,pan,7,4
ÅÙ,pao,7,19
Àû,li,7,4
±ğ,bie,7,7
Öú,zhu,7,20
Å¬,nu,7,87
½Ù,jie,7,15
Àø,li,7,286
¾¢,jin,7,1
ÀÍ,lao,7,108
Ï»,xia,7,12
Ò½,yi,7,2
Â±,lu,7,2
¼´,ji,7,5
È´,que,7,3
ÂÑ,luan,7,1
ÏØ,xian,7,57
¾ı,jun,7,5
Áß,lin,7,1
ÍÌ,tun,7,2
Ò÷,yin,7,16
ßÄ,qin,7,3
·ñ,fou,7,132
°É,ba,7,36
·Ô,fen,7,21
º¬,han,7,3
Ìı,ting,7,8
Æô,qi,7,736
Ö¨,zhi,7,3010
Îâ,wu,7,3
³³,chao,7,1906
´µ,chui,7,50
ÎÇ,wen,7,567
Îá,wu,7,23
Ñ½,ya,7,78
´ô,dai,7,1
³Ê,cheng,7,45
¸æ,gao,7,165
Å»,ou,7,63
Ô±,yuan,7,17
Çº,qiang,7,1
ÎØ,wu,7,52
Ô°,yuan,7,51
À§,kun,7,1
Î§,wei,7,78
Ö·,zhi,7,80
¾ù,jun,7,3909
·»,fang,7,2
Ì®,tan,7,657
¿²,kan,7,1
»µ,huai,7,181
×ø,zuo,7,1
¿Ó,keng,7,4
¿é,kuai,7,20
¼á,jian,7,1
Ì³,tan,7,14
Îë,wu,7,88
·Ø,fen,7,1045
×¹,zhui,7,15
Éù,sheng,7,162
¿Ç,ke,7,7
ŞÆ,lian,7,32
åû,yan,7,7
¶Ê,du,7,27
¼Ë,ji,7,56
Ñı,yao,7,29
Ãî,miao,7,4
æ¤,niu,7,5
Í×,tuo,7,4
·Á,fang,7,1
åü,wu,7,96
åı,yu,7,3
æ¢,zi,7,1
Ğ¢,xiao,7,1
ËÎ,song,7,2
Íê,wan,7,7
ºê,hong,7,1
ÊÙ,shou,7,1
ŞÎ,ga,7,14
Î²,wei,7,15
Äò,niao,7,6
¾Ö,ju,7,41
Æ¨,pi,7,126
²ã,ceng,7,2
á¯,cen,7,1
²í,cha,7,5
á°,lan,7,22
µº,dao,7,144
Î×,wu,7,48
Ï£,xi,7,1
àø,wei,7,5
ÕÊ,zhang,7,1
±Ó,bi,7,7
´²,chuang,7,45
Ğò,xu,7,15
Â®,lu,7,15
âĞ,wu,7,1
¿â,ku,7,10
Ó¦,ying,7,2
Æú,qi,7,6
Åª,nong,7,47
µÜ,di,7,28
ÕÅ,zhang,7,20
ĞÎ,xing,7,4
áİ,pang,7,41
ÒÛ,yi,7,3
³¹,che,7,5
¼É,ji,7,77
ÈÌ,ren,7,12
ß¯,tui,7,2
Ö¾,zhi,7,84
Íü,wang,7,3
âç,chong,7,56
âè,wu,7,4
ÓÇ,you,7,5
¿ì,kuai,7,1
³À,chen,7,194
»³,huai,7,1
âæ,ou,7,24
âê,chang,7,731
ÎÒ,wo,7,5
½ä,jie,7,41
Å¤,niu,7,905
°ç,ban,7,247
³¶,che,7,190
ÈÅ,rao,7,68
°â,ban,7,3
·ö,fu,7,28
Åú,pi,7,1182
ÕÒ,zhao,7,7
¼¼,ji,7,1124
³­,chao,7,469
°Ñ,ba,7,146
ÒÖ,yi,7,1
×¥,zhua,7,3347
Í¶,tou,7,1334
¶¶,dou,7,4210
¿¹,kang,7,1771
ÕÛ,zhe,7,14
¸§,fu,7,71
Å×,pao,7,4
¿Ù,kou,7,191
ÂÕ,lun,7,3321
ÇÀ,qiang,7,6
»¤,hu,7,27
±¨,bao,7,59
¾Ü,ju,7,53
Äâ,ni,7,24
¸Ä,gai,7,6
¹¥,gong,7,189
ºµ,han,7,118
Ê±,shi,7,102
¿õ,kuang,7,4
¸ü,geng,7,1
¸Ë,gan,7,59
É¼,shan,7,18
è»,wu,7,46
Àî,li,7,1
ĞÓ,xing,7,12
²Ä,cai,7,91
´å,cun,7,9
è¼,shao,7,17
ÕÈ,zhang,7,12
¶Å,du,7,2
è½,qi,7,848
Êø,shu,7,200
¸Ü,gang,7,1767
Ìõ,tiao,7,16
À´,lai,7,3903
Ñî,yang,7,2279
è¿,ma,7,157
¼«,ji,7,27
ì£,yu,7,92
²½,bu,7,427
Ã¿,mei,7,928
Çó,qiu,7,4
¹¯,gong,7,26
Íô,wang,7,4
Ì­,tai,7,45
Çß,qin,7,261
Éò,shen,7,7
³Á,chen,7,132
ãç,dun,7,95
Æã,qi,7,6
ãå,mu,7,5
É³,sha,7,11
¹µ,gou,7,1149
Ã»,mei,7,112
Å½,ou,7,45
Á¤,li,7,2
ÂÙ,lun,7,270
²×,cang,7,42
·º,fan,7,3364
Áé,ling,7,1357
Ôî,zao,7,106
¾Ä,jiu,7,115
×Æ,zhuo,7,12
ÔÖ,zai,7,1
²Ó,can,7,5
Äµ,mu,7,639
ÀÎ,lao,7,937
×´,zhuang,7,17
ÓÌ,you,7,1
¿ñ,kuang,7,27
µÒ,di,7,6
±·,bei,7,12
«\,gan,7,40
Âê,ma,7,1
ğ®,yong,7,2
ÄĞ,nan,7,2
µé,dian,7,68
ğÛ,ding,7,6
ÁÆ,liao,7,1
Ôí,zao,7,11
ÒÓ,yi,7,2
í¶,ji,7,1827
Éç,she,7,4
ìë,si,7,5
Ğã,xiu,7,5
Ë½,si,7,15
Íº,tu,7,4
¾¿,jiu,7,4
Çî,qiong,7,141
Ïµ,xi,7,19
Î³,wei,7,593
´¿,chun,7,7
É´,sha,7,28
¸Ù,gang,7,14
ÄÉ,na,7,3
×İ,zong,7,6
ÂÚ,lun,7,3
·×,fen,7,155
Ö½,zhi,7,6
ÎÆ,wen,7,2
·Ä,fang,7,42
ç£,shu,7,30
º±,han,7,1
Ç¼,qiang,7,27
ëÁ,huang,7,2
Ğ¤,xiao,7,1
Öâ,zhou,7,338
¶Ç,du,7,79
¸Î,gan,7,210
³¦,chang,7,6
Á¼,liang,7,112
ØÂ,mi,7,1
Ü½,fu,7,6
Îß,wu,7,5
ÜÏ,shan,7,1
½æ,jie,7,9
Â«,lu,7,3
ÜÎ,qi,7,9
·Ò,fen,7,18
°Å,ba,7,1
ÜÁ,ji,7,4
»¨,hua,7,1
·¼,fang,7,290
ÜÆ,zhi,7,4
Ü¿,yun,7,5301
ÇÛ,qin,7,28
Ñ¿,ya,7,4
Î­,wei,7,631
²Ô,cang,7,40
ËÕ,su,7,172
ò°,qiu,7,293
²¹,bu,7,14
½Ç,jiao,7,5
ÑÔ,yan,7,47
Ö¤,zheng,7,313
ÆÀ,ping,7,327
Ê¶,shi,7,5
Õ©,zha,7,1
Ëß,su,7,2
Õï,zhen,7,42
Ú®,di,7,183
Öß,zhou,7,51
´Ê,ci,7,13
Ú°,qu,7,149
Ú¯,zhao,7,706
×,bi,7,27
Ú±,yi,7,385
¹È,gu,7,4
¶¹,dou,7,1
õ¹,shi,7,172
¹±,gong,7,610
²Æ,cai,7,551
³à,chi,7,1
×ß,zou,7,64
×ã,zu,7,5634
Éí,shen,7,325
Ğù,xuan,7,2
éí,ren,7,38
ĞÁ,xin,7,144
³½,chen,7,19
Ó­,ying,7,68
ÔË,yun,7,2
½ü,jin,7,22
·µ,fan,7,4
»¹,huan,7,144
Õâ,zhe,7,8
½ø,jin,7,138
Ô¶,yuan,7,43
Î¥,wei,7,20
Á¬,lian,7,3799
³Ù,chi,7,1
ÒØ,yi,7,221
Çñ,qiu,7,81
Û¡,di,7,23
ÁÚ,lin,7,52
ÓÏ,you,7,50
Àï,li,7,44
Õë,zhen,7,13
¶¤,ding,7,47
îÈ,zhao,7,11
ãÇ,wei,7,88
ÏĞ,xian,7,7
¼ä,jian,7,112
ÃÆ,men,7,8
×è,zu,7,19
°¢,a,7,25
ÍÓ,tuo,7,53
¸½,fu,7,28
¼Ê,ji,7,1
Â½,lu,7,9
Â¤,long,7,3
³Â,chen,7,34
âÀ,yu,7,325
âÁ,chi,7,57
·¹,fan,7,245
Òû,yin,7,40
Çı,qu,7,91
²µ,bo,7,98
Â¿,lv,7,34
ğ¯,jiu,7,1121
¼¦,ji,7,10
Âó,mai,7,72
¹ê,gui,7,1947
É¥,sang,8,523
¹Ô,guai,8,22
Èé,ru,8,24
ÊÂ,shi,8,66
Ğ©,xie,8,316
Ïí,xiang,8,95
¾©,jing,8,509
Åå,pei,8,7
Ñğ,yang,8,4
¼Ñ,jia,8,3177
Ù¬,tiao,8,4
Ê¹,shi,8,43
Ö¶,zhi,8,5
³Ş,chi,8,25
Àı,li,8,56
ÊÌ,shi,8,303
Ù§,you,8,32
¹©,gong,8,3
ÒÀ,yi,8,33
ÏÀ,xia,8,19
½Ä,yao,8,57
²à,ce,8,1
Ù­,chai,8,85
Ù¯,nong,8,84
ÍÃ,tu,8,15
Æä,qi,8,1
¾ß,ju,8,505
µä,dian,8,5
Ùı,lie,8,80
¾»,jing,8,5
Æ¾,ping,8,3
¿­,kai,8,32
¹Î,gua,8,40
µ½,dao,8,3
ÖÆ,zhi,8,1
Ë¢,shua,8,16
È¯,quan,8,14
É²,cha,8,246
´Ì,ci,8,169
¿Ì,ke,8,340
¶ç,duo,8,1
¼Á,ji,8,13
ÛÀ,he,8,1
ÊÆ,shi,8,1
±°,bei,8,1
×ä,zu,8,1
×¿,zhuo,8,95
µ¥,dan,8,2
Âô,mai,8,9
ØÔ,gua,8,20
ÎÔ,wo,8,1
¾í,juan,8,1
²Ş,ce,8,4
²Î,can,8,1
Êå,shu,8,18
È¡,qu,8,2
ÊÜ,shou,8,8
±ä,bian,8,2
ÄØ,ne,8,3
ßÏ,you,8,7
ÖÜ,zhou,8,16
ßÉ,gua,8,2
Î¶,wei,8,12
ºÇ,he,8,1
ßÎ,nao,8,2
ßÈ,ga,8,1
ÅŞ,pei,8,2
Éë,shen,8,2
ºô,hu,8,17
Ãü,ming,8,4
¾×,ju,8,55
ßÆ,za,8,22
ºÍ,he,8,4
Ó½,yong,8,161
¸À,fu,8,95
Öä,zhou,8,294
¹¾,gu,8,4
Áü,long,8,2
ßË,dong,8,133
ßÌ,ning,8,878
°¥,ai,8,1123
àò,ling,8,6
¹Ì,gu,8,102
¹ú,guo,8,13
Í¼,tu,8,53
ÆÂ,po,8,18
À¤,kun,8,38
Ì¹,tan,8,1
Ûê,ao,8,2
¿À,ke,8,100
´¹,chui,8,30
Â¢,long,8,6
±¸,bei,8,184
Ò¹,ye,8,5
ÑÙ,yan,8,2
Ææ,qi,8,64
ÄÎ,nai,8,88
·î,feng,8,124
·Ü,fen,8,15
±¼,ben,8,9
æ¨,zhou,8,2
ÃÃ,mei,8,21
ÆŞ,qi,8,769
æª,qie,8,178
Ä·,mu,8,72
Ê¼,shi,8,3
½ã,jie,8,475
¹Ã,gu,8,1
ĞÕ,xing,8,17
Î¯,wei,8,2
ÃÏ,meng,8,18
¼¾,ji,8,7
¹Â,gu,8,18
Ñ§,xue,8,15
åµ,mi,8,1
×Ú,zong,8,9
¹Ù,guan,8,4
¶¨,ding,8,448
Íğ,wan,8,890
ÒË,yi,8,1030
±¦,bao,8,618
Êµ,shi,8,148
³è,chong,8,26
Éó,shen,8,66
ÉĞ,shang,8,44
ŒÂ,bi,8,35
¾Ó,ju,8,10
Çü,qu,8,73
Ìë,ti,8,22
½ì,jie,8,11
á³,ke,8,166
ÑÒ,yan,8,19
á¶,xiu,8,3
Áë,ling,8,1
ÔÀ,yue,8,21
°¶,an,8,767
àû,tang,8,399
àú,pei,8,1
ÅÁ,pa,8,18
Ìû,tie,8,101
Á±,lian,8,18
Öã,zhou,8,555
²¯,bo,8,2
ÖÄ,zhi,8,11
ĞÒ,xing,8,114
µ×,di,8,63
âÒ,pao,8,28
µê,dian,8,105
Ãí,miao,8,16
¸ı,geng,8,7
¸®,fu,8,10
ÅÓ,pang,8,2
·Ï,fei,8,5
½¨,jian,8,69
ÃÖ,mi,8,27
ÏÒ,xian,8,19
Â¼,lu,8,13
±Ë,bi,8,670
Íù,wang,8,123
Õ÷,zheng,8,43
¾¶,jing,8,300
ãÃ,tian,8,1
ÖÒ,zhong,8,12
Äî,nian,8,2
ºö,hu,8,39
·Ş,fen,8,1
Ì¬,tai,8,11
ËË,song,8,156
âó,yang,8,1
Õú,zheng,8,1
ÅÂ,pa,8,1
²À,bu,8,346
Á¯,lian,8,429
âù,yi,8,50
âñ,peng,8,20
ĞÔ,xing,8,34
¹Ö,guai,8,61
ÇÓ,qie,8,35
ãŞ,qiang,8,210
»ò,huo,8,1
ê¨,qiang,8,140
ìå,li,8,726
·¿,fang,8,26
Ëù,suo,8,1
³Ğ,cheng,8,2
Åû,pi,8,106
Ì§,tai,8,220
±§,bao,8,1
µÖ,di,8,2
Ä¨,mo,8,1
Ñº,ya,8,97
³é,chou,8,3
Ãò,min,8,45
·÷,fu,8,6
Öô,zhu,8,101
µ£,dan,8,779
²ğ,chai,8,10
Ä´,mu,8,87
Äé,nian,8,314
À­,la,8,6
°è,ban,8,243
ÅÄ,pai,8,5
¹Õ,guai,8,27
°Î,ba,8,4
ÍÏ,tuo,8,19
ŞÖ,niu,8,3479
¾Ğ,ju,8,5
×¾,zhuo,8,34
ŞÕ,pin,8,3
ÕĞ,zhao,8,3
Â£,long,8,1
¼ğ,jian,8,154
Óµ,yong,8,1
À¹,lan,8,86
Å¡,ning,8,3
²¦,bo,8,2559
Ôñ,ze,8,759
·Å,fang,8,15
¸«,fu,8,24
Õ¶,zhan,8,116
Íú,wang,8,8
êÀ,yun,8,29
°º,ang,8,23
À¥,kun,8,41
²ı,chang,8,228
Ã÷,ming,8,1768
»è,hun,8,4
Ò×,yi,8,41
Îô,xi,8,2
Åó,peng,8,1
·ş,fu,8,49
èÂ,miao,8,519
º¼,hang,8,2
±­,bei,8,341
½Ü,jie,8,424
èÃ,yao,8,22
ËÉ,song,8,113
°å,ban,8,28
¹¹,gou,8,5
Í÷,wang,8,31
–‘,ye,8,7
Õí,zhen,8,1179
ÁÖ,lin,8,5
Ã¶,mei,8,55
¹û,guo,8,77
Ö¦,zhi,8,736
Êà,shu,8,3
Ôæ,zao,8,131
Ç¹,qiang,8,403
·ã,feng,8,21
¹ñ,gui,8,91
ĞÀ,xin,8,393
Å·,ou,8,2
Îä,wu,8,319
Æç,qi,8,216
éâ,mo,8,266
Å¹,ou,8,31
í³,ta,8,203
Ä­,mo,8,2
ºÓ,he,8,15
·Ğ,fei,8,16
ÓÍ,you,8,61
ÖÎ,zhi,8,281
ÕÓ,zhao,8,14
¹Á,gu,8,24
Õ´,zhan,8,2
ÑØ,yan,8,3
Ğ¹,xie,8,8
²´,bo,8,11
·¨,fa,8,159
Å¢,ning,8,200
ãö,ling,8,3
Åİ,pao,8,37
²¨,bo,8,181
Æü,qi,8,76
Äà,ni,8,12
×¢,zhu,8,65
Àá,lei,8,3
ãı,min,8,12
Ğº,xie,8,1
ÆÃ,po,8,3
Ôó,ze,8,149
Ç³,qian,8,4
Â¯,lu,8,399
´¶,chui,8,23
Ñ×,yan,8,4
³´,chao,8,1
¿»,kang,8,76
ìÀ,dun,8,3
ÖË,zhi,8,40
¾æ,ju,8,27
ÅÀ,pa,8,12
°æ,ban,8,31
Îï,wu,8,4
áó,pao,8,1
áò,xia,8,53
ºü,hu,8,3
¹·,gou,8,185
Äü,ning,8,3
Íæ,wan,8,7
Ãµ,mei,8,642
»·,huan,8,1
ÏÖ,xian,8,173
ÎÍ,weng,8,1
ê±,ou,8,52
»­,hua,8,2
î¯,bi,8,2
³©,chang,8,49
¸í,ge,8,290
µÄ,de,8,106
ÓÛ,yu,8,16
Ö±,zhi,8,23
Öª,zhi,8,29
í·,gan,8,16
·¯,fan,8,1
Æí,qi,8,3
±ü,bing,8,20
ñ¶,xi,8,78
ñ·,qiong,8,5
¿Õ,kong,8,1735
Ïß,xian,8,11
Á·,lian,8,65
×é,zu,8,9
Éğ,shen,8,92
Ï¸,xi,8,1
Ö¯,zhi,8,69
ÖÕ,zhong,8,1
ç§,zhou,8,1213
°í,ban,8,1
ÉÜ,shao,8,38
Òï,yi,8,165
¾­,jing,8,6
Øè,wang,8,5
ÂŞ,luo,8,7
Õß,zhe,8,52
Ò®,ye,8,211
Ëà,su,8,35
¹É,gu,8,113
Ö«,zhi,8,23
·ô,fu,8,1
·Ê,fei,8,25
¼ç,jian,8,171
°¹,ang,8,16
¿Ï,ken,8,9
Óı,yu,8,81
ëÈ,yao,8,2
ëÉ,qian,8,3
·Î,fei,8,5
Ö×,zhong,8,2
ÕÍ,zhang,8,3
Ğ²,xie,8,15
ô§,yu,8,1
Éá,she,8,1
¼è,jian,8,1
Ô·,yuan,8,3
ÜÛ,ran,8,63
Üß,ling,8,2
Ì¦,tai,8,4
Ãç,miao,8,1
¿Á,ke,8,90
°ú,bao,8,5
¹¶,gou,8,1
Èô,ruo,8,5
¿à,ku,8,7
Ó¢,ying,8,2
Æ»,ping,8,2
×Â,zhuo,8,219
Ã¯,mao,8,648
·¶,fan,8,8895
ÇÑ,qie,8,19
Ã©,mao,8,3
Üâ,mao,8,508
ÜÔ,mo,8,1
¾¥,jing,8,23
Ü×,long,8,129
Üà,niao,8,1
Üã,ying,8,6
»¢,hu,8,19
Â²,lu,8,3
Ê­,shi,8,22
±í,biao,8,70
ÉÀ,shan,8,62
³Ä,chen,8,1
¹æ,gui,8,1006
ÃÙ,mi,8,918
ÊÓ,shi,8,5
Ú²,kuang,8,86
Ú³,lei,8,1015
ÊÔ,shi,8,1726
Ê«,shi,8,43
Úµ,jie,8,29
Ú¶,hui,8,1
³Ï,cheng,8,1556
Öï,zhu,8,2
»°,hua,8,138
µ®,dan,8,2
Ú¸,gou,8,26
¹î,gui,8,84
Ñ¯,xun,8,2
Òè,yi,8,68
¸Ã,gai,8,48
Ïê,xiang,8,41
²ï,cha,8,43
Ú»,hun,8,75
Ôğ,ze,8,18
ÏÍ,xian,8,5
°Ü,bai,8,144
ÕË,zhang,8,31
»õ,huo,8,435
ÖÊ,zhi,8,115
··,fan,8,13
Ì°,tan,8,90
Æ¶,pin,8,1112
±á,bian,8,7
¹º,gou,8,56
Öü,zhu,8,56
¹á,guan,8,18
×ª,zhuan,8,1
ÂÖ,lun,8,107
Èí,ruan,8,30
ºä,hong,8,21
Ìö,tiao,8,8
åÆ,yi,8,6
åÄ,jiong,8,66
åÇ,er,8,55
ÆÈ,po,8,169
µü,die,8,62
Êö,shu,8,141
Óô,yu,8,173
½¼,jiao,8,10
ÀÉ,lang,8,58
Ö£,zheng,8,25
²É,cai,8,56
½ğ,jin,8,25
îÊ,tu,8,16
îË,chuan,8,13
µö,diao,8,41
îÎ,chai,8,35
Õ¢,zha,8,2
ÄÖ,nao,8,35
¸·,fu,8,362
Âª,lou,8,30
Ä°,mo,8,72
½µ,jiang,8,47
ÏŞ,xian,8,2
Á¥,li,8,23
Óê,yu,8,17
Çà,qing,8,20
·Ç,fei,8,51
¶¥,ding,8,9
Çê,qing,8,6
½¤,jian,8,93
ÊÎ,shi,8,132
±¥,bao,8,55
ËÇ,si,8,10
Ê»,shi,8,102
æâ,fu,8,23
¾Ô,ju,8,80
×¤,zhu,8,13
ÍÕ,tuo,8,24
¼İ,jia,8,51
æä,yi,8,2
ææ,tai,8,39
Óã,yu,8,3
Ãù,ming,8,5
ö¼,min,8,26
³İ,chi,8,22
ÁÙ,lin,9,1
¾Ù,ju,9,11
Í¤,ting,9,10
ÁÁ,liang,9,10
Ç×,qin,9,159
Îê,wu,9,1035
ºî,hou,9,57
ÇÖ,qin,9,125
±ã,bian,9,220
´Ù,cu,9,138
¶í,e,9,91
¿¡,jun,9,6
ÇÎ,qiao,9,1
Àş,li,9,1
Ë×,su,9,5
·ı,fu,9,6
±£,bao,9,12
Óá,yu,9,40
Ù¹,si,9,27
ĞÅ,xin,9,20
Ù±,chou,9,66
Ù²,yan,9,53
Á©,liang,9,10
¼ó,jian,9,4
ĞŞ,xiu,9,4
×È,zi,9,30
Ñø,yang,9,45
Ã°,mao,9,38
¹Ú,guan,9,22
Ìê,ti,9,4
Ï÷,xue,9,17
Øİ,la,9,10
Ç°,qian,9,9
¹Ğ,gua,9,8
½£,jian,9,8
²ª,bo,9,17
ÓÂ,yong,9,164
Ãã,mian,9,11
Ñ«,xun,9,112
ÄÏ,nan,9,83
Ğ¶,xie,9,24
Àå,li,9,34
ºñ,hou,9,6
Ğğ,xu,9,4
ÅÑ,pan,9,4
ßÚ,ci,9,36
ßå,zha,9,7
ßÖ,lie,9,13
×É,zi,9,9
Ò§,yao,9,53
ßÒ,ji,9,1
¿©,ge,9,69
ÔÛ,zan,9,26
¿È,ke,9,23
ÏÌ,xian,9,58
ßİ,xiu,9,14
ÑÊ,yan,9,3
°§,ai,9,4
Æ·,pin,9,501
ºå,hong,9,19
¶ß,duo,9,470
ÍÛ,wa,9,2
¹ş,ha,9,144
ÔÕ,zai,9,94
Ïì,xiang,9,11
ÑÆ,ya,9,1
»©,hua,9,10
ßæ,nong,9,5
Ó´,yo,9,86
ÄÄ,na,9,11
Àİ,lei,9,1
¶â,duo,9,1
¹¸,gou,9,28
Ô«,yuan,9,4
Ûì,die,9,14
¿Ñ,ken,9,332
µæ,dian,9,48
³Ç,cheng,9,33
¸´,fu,9,16
¿ü,kui,9,15
×à,zou,9,3
Æõ,qi,9,12
ŞÈ,yi,9,54
½±,jiang,9,1
½ª,jiang,9,3
æ­,shu,9,20
æ¯,jiao,9,43
ÀÑ,lao,9,88
ÒÌ,yi,9,25
æ±,cha,9,19
Òö,yin,9,4
Š¹,wa,9,3
×Ë,zi,9,10
Íş,wei,9,2
ÍŞ,wa,9,4
Â¦,lou,9,57
æ¬,rao,9,2
½¿,jiao,9,16
æ®,luan,9,72
ÄÈ,na,9,65
º¢,hai,9,2
¿Í,ke,9,65
Ğû,xuan,9,3
ÊÒ,shi,9,153
å¶,you,9,95
»Â,huan,9,2
ÏÜ,xian,9,31
¹¬,gong,9,28
·â,feng,9,3
½«,jiang,9,13
³¢,chang,9,85
Îİ,wu,9,3
Êº,shi,9,51
ÆÁ,ping,9,3
Ï¿,xia,9,7
á¿,zheng,9,32
²î,cha,9,100
Ïï,xiang,9,39
µÛ,di,9,85
´ø,dai,9,17
°ï,bang,9,13
ÓÄ,you,9,1
¶È,du,9,10
Í¥,ting,9,12
ŞÄ,yi,9,62
Íä,wan,9,5
´ı,dai,9,8
áß,xun,9,2
ºÜ,hen,9,6
»²,huai,9,18
ÂÉ,lv,9,71
Ôõ,zen,9,7
Å­,nu,9,3
Ë¼,si,9,1
µ¡,dai,9,34
¼±,ji,9,7
Ô¹,yuan,9,36
×Ü,zong,9,7
ÊÑ,shi,9,8
»Ğ,huang,9,107
ºã,heng,9,367
»Ö,hui,9,125
Ğô,xu,9,14
ºŞ,hen,9,694
Ìñ,tian,9,945
Ç¡,qia,9,469
âú,tong,9,48
âû,yan,9,8
âı,kai,9,13
âü,ce,9,60
ÄÕ,nao,9,1
Õ½,zhan,9,5
±â,bian,9,191
°İ,bai,9,13
À¨,kuo,9,7
ÊÃ,shi,9,6
Ş×,jie,9,692
¹°,gong,9,335
Ë©,shuan,9,3
ŞÙ,za,9,136
¿½,kao,9,161
Æ´,pin,9,19
×§,zhuai,9,72
Ê°,shi,9,20
³Ö,chi,9,259
¹Ò,gua,9,32
Ö¸,zhi,9,10
°´,an,9,1
Ìô,tiao,9,102
ÍÚ,wa,9,216
ÎÎ,wo,9,4
Ì¢,ta,9,21
Ğ®,jia,9,1
ÄÓ,nao,9,92
µ²,dang,9,42
Õõ,zheng,9,2
¼·,ji,9,10
»Ó,hui,9,1
Å²,nuo,9,182
Í¦,ting,9,26
Õş,zheng,9,293
¹Ê,gu,9,1132
í½,zhuo,9,52
Ê©,shi,9,203
¼È,ji,9,2
ĞÇ,xing,9,3
Ó³,ying,9,14
´º,chun,9,6
ÃÁ,mei,9,76
×ò,zuo,9,15
ÕÑ,zhao,9,1363
ÊÇ,shi,9,413
êÇ,ni,9,2848
Öç,zhou,9,29
ÏÔ,xian,9,304
êÂ,he,9,92
¿İ,ku,9,815
èÒ,ping,9,6
è×,zhi,9,4
¼Ü,jia,9,2090
¼Ï,jia,9,11
èÛ,gou,9,97
±ú,bing,9,2
°Ø,bai,9,5
Ä³,mou,9,4
È¾,ran,9,12
Èá,rou,9,1128
èÏ,zhe,9,82
èÖ,you,9,139
èÜ,di,9,16
²é,cha,9,61
èÑ,jiu,9,14
¼í,jian,9,951
¿Â,ke,9,10
Öù,zhu,9,292
Áø,liu,9,24
Õ¤,shan,9,9823
±ê,biao,9,3
èÎ,zhi,9,25
èĞ,long,9,38
¶°,dong,9,10
èİ,li,9,6
À¸,lan,9,47
Ê÷,shu,9,1
Íá,wai,9,9
éã,cu,9,45
Ñê,yang,9,27
éå,tian,9,2
´ù,dai,9,375
éä,shang,9,1
²Ğ,can,9,11
¶Î,duan,9,23
¶¾,du,9,8
Õ±,zhan,9,219
Èª,quan,9,5
½à,jie,9,357
ä§,hui,9,21
ä¦,yin,9,44
Ñó,yang,9,11
È÷,sa,9,107
Ï´,xi,9,4
Âå,luo,9,18
¶´,dong,9,11
½ò,jin,9,71
ºé,hong,9,142
¶ı,er,9,14
ÖŞ,zhou,9,14
»î,huo,9,4
Íİ,wa,9,1
Ç¢,qia,9,1
ÅÉ,pai,9,48
½½,jiao,9,91
×Ç,zhuo,9,1
²â,ce,9,592
¼Ã,ji,9,1
ä¯,liu,9,14
»ë,hun,9,1
Å¨,nong,9,301
ÏÑ,xian,9,288
ìÅ,xuan,9,181
Ì¿,tan,9,782
ÅÚ,pao,9,5766
¾¼,jiong,9,44
±ş,bing,9,302
ìÄ,zhu,9,5
Õ¨,zha,9,2
µã,dian,9,18
Á¶,lian,9,172
³ã,chi,9,139
Ë¸,shuo,9,53
ÀÃ,lan,9,19
ë¼,yuan,9,109
Éü,sheng,9,721
Ç£,qian,9,30
ºİ,hen,9,403
½Æ,jiao,9,4
¶À,du,9,10
ÏÁ,xia,9,32
Ê¨,shi,9,6
Õø,zheng,9,25
Óü,yu,9,86
áø,sun,9,5
Áá,ling,9,62
çé,dai,9,54
çè,dian,9,32
²£,bo,9,13
çê,po,9,2
Éº,shan,9,10
Õä,zhen,9,664
·©,fa,9,47
çç,long,9,45
Éõ,shen,9,246
½ç,jie,9,2
Î·,wei,9,17
°Ì,ba,9,19
´¯,chuang,9,1
·è,feng,9,29
½Ô,jie,9,7
»Ê,huang,9,106
ÖÑ,zhong,9,11109
Åè,pen,9,20
Ó¯,ying,9,2
Ïà,xiang,9,1
íï,dun,9,1
ÅÎ,pan,9,220
¶Ü,dun,9,2
Ê¡,sheng,9,2
Ã¼,mei,9,65
¿´,kan,9,90
ñæ,jin,9,200
¾Ø,ju,9,4
É°,sha,9,47
Æö,qi,9,1
¿³,kan,9,76
Åø,pi,9,763
ÑĞ,yan,9,5
×©,zhuan,9,473
Ñâ,yan,9,96
í¾,bian,9,2
×æ,zu,9,5
ìó,zhi,9,6
ìñ,zuo,9,4
ìî,qu,9,16
×£,zhu,9,3
Éñ,shen,9,4
ìô,ci,9,71
Óí,yu,9,1
Çï,qiu,9,1
ÖÖ,zhong,9,8
¿Æ,ke,9,12
´©,chuan,9,31
ñ¸,zhun,9,30
Í»,tu,9,39
ÇÔ,qie,9,1
Êú,shu,9,3
óÄ,yu,9,26
¸Í,gan,9,3
óÆ,du,9,169
Àà,lei,9,25
°ó,bang,9,1
ÈŞ,rong,9,1
½á,jie,9,12
ç«,ku,9,187
ÈÆ,rao,9,24
¸ø,gei,9,2
ç­,jiang,9,28
Âç,luo,9,2
¾ø,jue,9,29
½Ê,jiao,9,5
Í³,tong,9,1
¸×,gang,9,35
î·,fu,9,93
·£,fa,9,9
ÃÀ,mei,9,10
Ë£,shua,9,2
ÄÍ,nai,9,14
Î¸,wei,9,1450
µ¨,dan,9,6
±³,bei,9,133
Ì¥,tai,9,44
ÅÖ,pang,9,17
Ê¤,sheng,9,1
°û,bao,9,216
ºú,hu,9,69
ñã,xu,9,1
ëÊ,long,9,86
ëÖ,jing,9,147
Âö,mai,9,1
ô­,chuan,9,45
Üø,ming,9,7
Üç,qian,9,6
¼ë,jian,9,21
Ã£,mang,9,1
Üò,fu,9,6
Òğ,yin,9,39
²è,cha,9,2
Èã,ru,9,2
¾£,jing,9,4
Üô,xing,9,9
²İ,cao,9,22
Üó,ren,9,77
¼ö,jian,9,5
Üè,yi,9,1
»Ä,huang,9,3
Àó,li,9,4
¼Ô,jia,9,17
µ´,dang,9,162
ÈÙ,rong,9,5
»ç,hun,9,35
Ó«,ying,9,25
İ¡,xun,9,6
Òñ,yin,9,83
Ò©,yao,9,1
Üì,ju,9,36
Å°,nue,9,9
ºç,hong,9,100
ò´,ge,9,18
Ëä,sui,9,10
Ïº,xia,9,2
ò²,chai,9,3
ÒÏ,yi,9,26
Âì,ma,9,55
Ôé,zao,9,11
ÑÜ,yan,9,10
ñÄ,na,9,2
ñÆ,jin,9,26
ñÇ,mei,9,4
°À,ao,9,69
Òª,yao,9,1
êè,chan,9,3
ÀÀ,lan,9,10
¾õ,jiao,9,1
ÎÜ,wu,9,1
Óï,yu,9,47
Ú½,qiao,9,4
Îó,wu,9,2
Ú¾,gao,9,2
ÓÕ,you,9,2
»å,hui,9,7
Ú¿,kuang,9,1
Ëµ,shuo,9,2
ËĞ,song,9,83
ÚÀ,ei,9,93
¼ú,jian,9,2
Ìù,tie,9,5
¹ó,gui,9,7
´û,dai,9,5
Ã³,mao,9,13
·Ñ,fei,9,1
ºØ,he,9,25
êİ,yi,9,7
¸°,fu,9,57
ÕÔ,zhao,9,3
éğ,ke,9,2
éñ,lu,9,4
Öá,zhou,9,6
éô,zhen,9,2
Çá,qing,9,64
ÃÔ,mi,9,7
±Å,beng,9,11
¼£,ji,9,2
×·,zhui,9,1
ÍË,tui,9,1
ËÍ,song,9,68
ÊÊ,shi,9,3
ÌÓ,tao,9,116
åË,hou,9,1
Äæ,ni,9,4
Ñ¡,xuan,9,1
Ñ·,xun,9,1
ºÂ,hao,9,1
¿¤,jun,9,2
ÖØ,zhong,9,3
îĞ,bu,9,1
¶Û,dun,9,1
ÖÓ,zhong,9,10
¸Ö,gang,9,1
îÔ,qian,9,17
Ô¿,yao,9,28
ÇÕ,qin,9,2
¹³,gou,9,6
Å¥,niu,9,47
¹ë,gui,9,394
ÎÅ,wen,9,278
Ãö,min,9,14
¸ó,ge,9,1
±İ,bi,9,3
Úì,zhi,9,216
¶¸,dou,9,2
Ôº,yuan,9,2
³ı,chu,9,50
ÔÉ,yun,9,40
ÏÕ,xian,9,298
Ãæ,mian,9,1
¸ï,ge,9,43
Òô,yin,9,140
ñü,han,9,1377
Ïî,xiang,9,1481
Ë³,shun,9,166
Ğë,xu,9,42
ìª,sa,9,2
Ê³,shi,9,64
¶ü,er,9,98
ÈÄ,rao,9,850
âÃ,xiang,9,2
½È,jiao,9,1
±ı,bing,9,3
Ê×,shou,9,3
Ïã,xiang,9,1
Âî,ma,9,1
½¾,jiao,9,3
Âæ,luo,9,16
º§,hai,9,40
¹Ç,gu,9,5
¹í,gui,9,13
Å¸,ou,9,2
Ñ»,ya,9,36
ğ²,zhen,9,8
³Ë,cheng,10,51
¸©,fu,10,14
¾ã,ju,10,34
‚l,biao,10,15
Ùº,feng,10,2123
°³,an,10,285
ÙÂ,bi,10,44
±¶,bei,10,2
Ù¿,shu,10,515
µ¹,dao,10,295
¾ó,jue,10,1
ÌÈ,tang,10,71
ºò,hou,10,38
ÒĞ,yi,10,19
½è,jie,10,3
³«,chang,10,4
¾ë,juan,10,1
Ù»,qian,10,1
Äß,ni,10,495
Ù¾,zhuo,10,33
ÙÁ,wo,10,1090
Õ®,zhai,10,2
Öµ,zhi,10,2
Çã,qing,10,396
Ù¼,ruo,10,28
½¡,jian,10,3
µ³,dang,10,6
¼æ,jian,10,321
Ú£,zhong,10,1
Ô©,yuan,10,40
Ú¤,ming,10,1
Æà,qi,10,68
×¼,zhun,10,14
Á¹,liang,10,1
µò,diao,10,46
Áè,ling,10,47
ÌŞ,ti,10,17
ÆÊ,pou,10,113
°ş,bao,10,12
¾ç,ju,10,1
·Ë,fei,10,1
Ää,ni,10,31
Çä,qing,10,1
ØÈ,cuo,10,67
Ô­,yuan,10,2
¸ç,ge,10,14
Å¶,o,10,16
ßê,chi,10,1
ÉÚ,shao,10,20
Á¨,li,10,6
¿Ş,ku,10,2182
ºß,heng,10,4
ßì,geng,10,6
Ëô,suo,10,1
´½,chun,10,1
°¦,ai,10,8
ßñ,xi,10,36
ÌÆ,tang,10,6
ßë,lao,10,90
ßğ,zao,10,152
»½,huan,10,4
ßó,ji,10,6
°¡,a,10,37
ÆÔ,pu,10,50
àô,yu,10,21
Ô²,yuan,10,25
¹¡,geng,10,6
°£,ai,10,315
Âñ,mai,10,6
Ûõ,shi,10,1
ºø,hu,10,2
ÏÄ,xia,10,16
Ì×,tao,10,15
ŞÉ,xi,10,57
¼§,ji,10,48
æ³,ping,10,37
æ²,li,10,344
æ¶,suo,10,2
Äï,niang,10,2
¾ê,juan,10,12
æ·,di,10,41
¶ğ,e,10,6
æ´,wa,10,30
æµ,xian,10,1
Ô×,zai,10,1
º¦,hai,10,44
Ñç,yan,10,30
Ïü,xiao,10,190
¼Ò,jia,10,4
å·,chen,10,34
Èİ,rong,10,11
¿í,kuan,10,11
±ö,bin,10,1
Éä,she,10,14
åì,ji,10,223
Ğ¼,xie,10,5
Õ¹,zhan,10,5
¶ë,e,10,189
ÇÍ,qiao,10,209
·å,feng,10,25
¾ş,jun,10,5
Ï¯,xi,10,17
×ù,zuo,10,26
Èõ,ruo,10,17
Ğì,xu,10,40
Í½,tu,10,1
í¥,nin,10,41
Áµ,lian,10,21
¿Ö,kong,10,2
Ë¡,shu,10,4
í¦,yang,10,3
í§,zi,10,7
¶÷,en,10,39
¹§,gong,10,34
Ï¢,xi,10,2
¿Ò,ken,10,174
¶ñ,e,10,11
ÇÄ,qiao,10,156
º·,han,10,78
ã¨,yi,10,9
»Ú,hui,10,5
ã¤,song,10,7
Îò,wu,10,15
ÔÃ,yue,10,2
Ãõ,min,10,2
ÉÈ,shan,10,1
È­,quan,10,1
ÄÃ,na,10,19
°¤,ai,10,13
´ì,cuo,10,7
Õñ,zhen,10,4
Íì,wan,10,4
À¦,kun,10,4
×½,zhuo,10,3
ÉÓ,shao,10,7
Äó,nie,10,2
¾è,juan,10,9
²¶,bu,10,9
ÀÌ,lao,10,7
Ëğ,sun,10,2
¼ñ,jian,10,44
»»,huan,10,58
µ·,dao,10,1
Ğ§,xiao,10,59
µĞ,di,10,1
Õ«,zhai,10,145
ÁÏ,liao,10,235
ÅÔ,pang,10,10
ì¸,mao,10,175
ÂÃ,lv,10,325
»Î,huang,10,10
½ú,jin,10,14
ÉÎ,shang,10,3
êÌ,yan,10,175
É¹,shai,10,3
Ïş,xiao,10,1
ÔÎ,yun,10,6
êÍ,hui,10,1
Ë·,shuo,10,15
ëŞ,zhen,10,4
ÀÊ,lang,10,9
²ñ,chai,10,74
ÆÜ,qi,10,9
Àõ,li,10,11
èò,xu,10,90
Öê,zhu,10,11
Ñù,yang,10,4
ºË,he,10,4
¸ù,gen,10,5
¸ñ,ge,10,573
ÔÔ,zai,10,2
èî,jie,10,2
¹ğ,gui,10,4
ÌÒ,tao,10,16
¿ò,kuang,10,2
°¸,an,10,1
×À,zhuo,10,7
èä,zhi,10,8
Í©,tong,10,17
É£,sang,10,1
»¸,huan,10,49
½Û,ju,10,2
èã,rao,10,13
µµ,dang,10,1
ÇÅ,qiao,10,18
èí,gui,10,18
½°,jiang,10,1
×®,zhuang,10,10
°ğ,bang,10,17
Ñ³,xun,10,2
Êâ,shu,10,5
Òó,yin,10,57
±Ğ,bi,10,9
ë³,yin,10,290
Ì©,tai,10,12
Á÷,liu,10,4
½¬,jiang,10,34
Õã,zhe,10,8
ä½,huan,10,30
ÆÖ,pu,10,1
ºÆ,hao,10,21
ÀË,lang,10,1
¸¡,fu,10,31
Ô¡,yu,10,3
º£,hai,10,1
½ş,jin,10,21
Í¿,tu,10,53
Ïû,xiao,10,84
Éæ,she,10,10
Ó¿,yong,10,11
Ìé,ti,10,3
ÌÎ,tao,10,5
ÀÔ,lao,10,2
äµ,lai,10,8
µÓ,di,10,1
Èó,run,10,1
ÕÇ,zhang,10,1
É¬,se,10,8
ÁÒ,lie,10,4
ºæ,hong,10,11
ÀÓ,lao,10,40
Öò,zhu,10,1
ÑÌ,yan,10,1
¿¾,kao,10,34
·³,fan,10,1
ÉÕ,shao,10,160
ÌÌ,tang,10,22
½ı,jin,10,226
ÈÈ,re,10,62
°®,ai,10,185
µù,die,10,5
ÌØ,te,10,4
Àê,li,10,6
áş,yin,10,22
ÀÇ,lang,10,8
áû,li,10,50
çô,xi,10,1
çó,luo,10,11
Öé,zhu,10,18
çñ,heng,10,156
°à,ban,10,5
«š,dang,10,4
­”,pao,10,2
Æ¿,ping,10,2
´É,ci,10,17
ÅÏ,pan,10,10
Áô,liu,10,2
Ğó,chu,10,2
Æ£,pi,10,8
Õî,zhen,10,12
ÌÛ,teng,10,702
¼²,ji,10,11
²¡,bing,10,3
Ö¢,zheng,10,2
Öå,zhou,10,41
Òæ,yi,10,19
Õµ,zhan,10,13
ÑÎ,yan,10,2
¼à,jian,10,37
Õæ,zhen,10,241
Ãß,mian,10,5
Ñ£,xuan,10,166
íÈ,tuo,10,128
Õè,zhen,10,31
Åé,peng,10,4
ÆÆ,po,10,214
ÔÒ,za,10,12
Àù,li,10,26
Ëî,sui,10,1
Ïé,xiang,10,7
ìö,tiao,10,58
ìõ,zhen,10,43
Àë,li,10,36
ÃØ,mi,10,1
×â,zu,10,6
³Ó,cheng,10,1230
ÇØ,qin,10,1
Ñí,yang,10,13
»ı,ji,10,31
³Æ,cheng,10,18
Õ­,zhai,10,5
ÇÏ,qiao,10,320
Õ¾,zhan,10,2
¾º,jing,10,6
óÇ,ji,10,2
°Ê,ba,10,2
Ëñ,sun,10,1
óË,hu,10,29
Ğ¦,xiao,10,1
±Ê,bi,10,28
·Û,fen,10,64
ÎÉ,wen,10,10
ËØ,su,10,44
Ë÷,suo,10,1
½ô,jin,10,3
ç¯,xiao,10,1
¾î,juan,10,90
Ğå,xiu,10,5
ÌĞ,tao,10,1
¼Ì,ji,10,8
È±,que,10,2
°Õ,ba,10,9
¸á,gao,10,53
Ğß,xiu,10,2
ÎÌ,weng,10,253
³á,chi,10,18
êÈ,qi,10,355
¸û,geng,10,1753
ºÄ,hao,10,35
ËÊ,song,10,14
³Ü,chi,10,45
µ¢,dan,10,68
¹¢,geng,10,2
Äô,nie,10,105
ëÙ,yan,10,2
ë×,guang,10,3
¸ì,ge,10,71
½º,jiao,10,34
ĞØ,xiong,10,1
ÄÜ,neng,10,1
Ö¬,zhi,10,15
´à,cui,10,11
¼¹,ji,10,308
Ôà,zang,10,7
Æê,qi,10,28
ÄÔ,nao,10,76
Å§,nong,10,2
³ô,chou,10,1
ÖÂ,zhi,10,2
Ò¨,yao,10,1
ô³,fang,10,1
°ã,ban,10,9
²Õ,cang,10,108
ÑŞ,yan,10,32
Æ,zhi,10,114
ºÉ,he,10,32
İ¶,di,10,1
İ±,tu,10,1
Àò,li,10,2
İ¬,you,10,2
Äª,mo,10,46
À³,lai,10,57
Á«,lian,10,2
İª,shi,10,62
»ñ,huo,10,3
Ó¨,ying,10,186
İº,ying,10,19
İ»,chun,10,8
Ã§,mang,10,2
ÂÇ,lv,10,6
ò¯,qian,10,5
ÎÃ,wen,10,8
°ö,bang,10,1
ò·,pi,10,17
ò¾,yin,10,2
ò¿,chi,10,4
ô¬,nv,10,1
Ë¥,shuai,10,30
ÖÔ,zhong,10,96
ôÀ,qin,10,2
ôÁ,niao,10,4
ÅÛ,pao,10,32
Ğä,xiu,10,18
Íà,wa,10,22
±»,bei,10,2
êé,ji,10,41
Çë,qing,10,26
Öî,zhu,10,1
Åµ,nuo,10,4
¶Á,du,10,3
ÚÂ,zhuo,10,3
·Ì,fei,10,2
¿Î,ke,10,2
Ë­,shui,10,1
µ÷,tiao,10,12
ÁÂ,liang,10,18
×»,zhun,10,5842
ÚÇ,sui,10,1632
Ì¸,tan,10,1
Òê,yi,10,1
ôø,jiang,10,1
±ª,bao,10,4
Ôô,zei,10,81
êŞ,zhi,10,19
¼Ö,jia,10,240
»ß,hui,10,272
ÁŞ,lin,10,11
Ôß,zang,10,1
×Ê,zi,10,10
¸Ï,gan,10,1
Æğ,qi,10,27
õ»,dun,10,58
¹ª,gong,10,3
éø,shi,10,529
ÔØ,zai,10,4
½Î,jiao,10,11
½Ï,jiao,10,7
Èè,ru,10,148
åÍ,bu,10,2
åĞ,xiao,10,69
Í¸,tou,10,1
Öğ,zhu,10,4
åÏ,qiu,10,5
µİ,di,10,688
Í¾,tu,10,3
¶º,dou,10,882
Í¨,tong,10,9
¹ä,guang,10,2
ÊÅ,shi,10,5
³Ñ,cheng,10,58
ËÙ,su,10,14
Ôì,zao,10,9
åÒ,qun,10,2
·ê,feng,10,189
²¿,bu,10,5
¹ù,guo,10,5
¶¼,dou,10,12
×Ã,zhuo,10,1
Åä,pei,10,4
¾Æ,jiu,10,4
¸ª,fu,10,2
Ç®,qian,10,8
²§,bo,10,303
×ê,zuan,10,3
îä,dian,10,18
Ìú,tie,10,8
Áå,ling,10,30
îå,shuo,10,8
Ç¦,qian,10,11
ãÍ,kun,10,2
ãÎ,jiu,10,46
ÔÄ,yue,10,1
ãÏ,lang,10,2
Åã,pei,10,10
Áê,ling,10,12
ÌÕ,tao,10,1
Ïİ,xian,10,18
öÀ,sun,10,6
öÁ,jun,10,1
ÄÑ,nan,10,56
Íç,wan,10,5
¹Ë,gu,10,120
¶Ù,dun,10,1
°ä,ban,10,20
ËÌ,song,10,223
Ô¤,yu,10,25
âÄ,bo,10,1139
¶ö,e,10,15
âÅ,yu,10,996
ÄÙ,nei,10,3
æê,li,10,8
Ñé,yan,10,51
¸ß,gao,10,160
ÛË,chang,10,19
ğ³,gu,10,15
Ñ¼,ya,10,5
û^,xiao,10,178
Ñì,yang,10,6
Ô§,yuan,10,203
Ç¬,qian,11,1
ÙÈ,yan,11,12
¼Ù,jia,11,28
ÙÊ,ji,11,28
Æ«,pian,11,11
ÙÉ,xie,11,328
×ö,zuo,11,10
Í£,ting,11,1
Å¼,ou,11,230
Íµ,tou,11,2
³¥,chang,11,130
¶µ,dou,11,8
ÊŞ,shou,11,18
¼õ,jian,11,65
´Õ,cou,11,173
»Ë,huang,11,3
¼ô,jian,11,10
¸±,fu,11,1
ÀÕ,le,11,1
ÛÃ,xu,11,6
¿±,kan,11,80
³×,shi,11,1
ØÑ,kui,11,2
ØÒ,bian,11,1
Ïá,xiang,11,236
ßô,feng,11,42
»£,hu,11,639
Î¨,wei,11,45
à§,shua,11,3
³ª,chang,11,23
à¦,li,11,65
ßş,sha,11,1
ÍÙ,tuo,11,110
ßü,hu,11,10
¿Ğ,ken,11,44
×Ä,zhuo,11,110
ÉÌ,shang,11,1
ßı,cui,11,3
ßû,tao,11,1
à¢,dan,11,22
ØÄ,se,11,1
à¥,lang,11,1
Ğ¥,xiao,11,1
ßö,nuo,11,1
È¦,quan,11,2
àõ,qing,11,7
²º,bu,11,12
Åà,pei,11,3
»ù,ji,11,5
ÌÃ,tang,11,94
¶Ñ,dui,11,585
Çµ,qian,11,318
¶é,duo,11,13
¶Â,du,11,15177
¹»,gou,11,375
Éİ,she,11,62
È¢,qu,11,2
æ½,chang,11,2
ÆÅ,po,11,5
Íñ,wan,11,1
»é,hun,11,105
æ¾,bi,11,17
À·,lan,11,1
‹O,hua,11,7
æ¿,chan,11,14
Éô,shen,11,3
‹k,ying,11,76
Êë,shu,11,9
ËŞ,xiu,11,80
¼Å,ji,11,45
¼Ä,ji,11,11
Òú,yin,11,118
ÃÜ,mi,11,73
¿Ü,kou,11,1
Î¾,wei,11,80
ÍÀ,tu,11,38
³ç,chong,11,145
´Ş,cui,11,73
ÑÂ,ya,11,9
±À,beng,11,13
³²,chao,11,178
á¡,wei,11,227
³£,chang,11,451
àş,guo,11,13
âÖ,an,11,30
Êü,shu,11,3
¿µ,kang,11,206
Ó¹,yong,11,86
â×,yu,11,2285
ÀÈ,lang,11,625
µ¯,dan,11,22
²Ê,cai,11,1
±ë,biao,11,7
µÃ,de,11,1
ÅÇ,pai,11,56
ÓÁ,yong,11,5
Ï¤,xi,11,687
ÓÆ,you,11,6022
»¼,huan,11,52
Äú,nin,11,1
í¨,que,11,1
Ğü,xuan,11,72
ã²,cui,11,504
µ¿,dao,11,2
Çé,qing,11,3
ã°,chou,11,14
¾ª,jing,11,10
Íï,wan,11,9
³,quan,11,2
Ìè,ti,11,60
ã±,hu,11,29
Ï§,xi,11,55
Î©,wei,11,1
µë,dian,11,3
¾å,ju,11,865
²Ò,can,11,33
ã«,qie,11,3
²Ñ,can,11,1
¹ß,guan,11,10
Æİ,qi,11,2
êı,suo,11,2
Åõ,peng,11,4
¾İ,ju,11,3
Şß,ai,11,2
´·,chui,11,63
½İ,jie,11,2842
Şà,na,11,72
Äí,nian,11,1
ÏÆ,xian,11,108
µà,dian,11,16
¶Ş,duo,11,226
ÊÚ,shou,11,15
µô,diao,11,1
Şå,pou,11,7
ÌÍ,tao,11,8
Æş,qia,11,18
ÅÅ,pai,11,6
Ò´,ye,11,5
¾ò,jue,11,9
ÂÓ,lue,11,8
Ì½,tan,11,36
½Ó,jie,11,1
¿Ø,kong,11,5
ÍÆ,tui,11,1
ÑÚ,yan,11,1
´ë,cuo,11,126
Şä,ju,11,21
Â°,lu,11,3
ÖÀ,zhi,11,1
µ§,dan,11,1
²ô,chan,11,15
Ãè,miao,11,42
Ãô,min,11,7
¾È,jiu,11,24
” ,yu,11,51
ë·,chi,11,36
½Ì,jiao,11,6
Á²,lian,11,1
±Ö,bi,11,165
¸Ò,gan,11,1
õú,hu,11,39
Ğ±,xie,11,4
¶Ï,duan,11,51
Ğı,xuan,11,85
ìº,jing,11,2
×å,zu,11,1
Íí,wan,11,8
Îî,wu,11,4
»Ş,hui,11,2
³¿,chen,11,103
²Ü,cao,11,29
Âü,man,11,3
Íû,wang,11,1
Í°,tong,11,1
Áº,liang,11,1
Ã·,mei,11,44
èô,gu,11,313
è÷,zi,11,83
¹£,geng,11,12
ÉÒ,shao,11,2
ÃÎ,meng,11,227
Îà,wu,11,1
Àæ,li,11,2
Ìİ,ti,11,1
Ğµ,xie,11,18
Êá,shu,11,414
èó,fan,11,44
¼ì,jian,11,26
Óû,yu,11,16
ì¤,xi,11,1
éæ,yun,11,17
éç,lian,11,83
ºÁ,hao,11,1
ÑÄ,ya,11,1
Òº,ye,11,9
º­,han,11,36
ºÔ,he,11,1
äÀ,xi,11,65
ä¿,qi,11,165
ÁÜ,lin,11,39
ÌÊ,tang,11,32
Êç,shu,11,128
Ä×,nao,11,4
ÌÔ,tao,11,2
µ­,dan,11,154
ÓÙ,yu,11,6
Òù,yin,11,1
»´,huai,11,33
Éî,shen,11,101
»ì,hun,11,3
ÑÍ,yan,11,23
Ìí,tian,11,290
Çå,qing,11,187
Ô¨,yuan,11,10
×Õ,zi,11,7
äÂ,du,11,15
½¥,jian,11,6
Óæ,yu,11,219
Éø,shen,11,1
ä¾,zhu,11,31
Çş,qu,11,130
Åë,peng,11,42
ÑÉ,yan,11,7
ìÉ,wu,11,2
»À,huan,11,22
Ë¬,shuang,11,1
Àç,li,11,44
²ş,chang,11,35
â¢,yi,11,7
ÃÍ,meng,11,1
²Â,cai,11,1
â¦,she,11,4
Öí,zhu,11,2
Ã¨,mao,11,34
ÂÊ,lv,11,29
Çò,qiu,11,2
ÀÅ,lang,11,8
Àí,li,11,23
Áğ,liu,11,4
çö,lian,11,1
Ëö,suo,11,11
ğ­,hu,11,9
Ìğ,tian,11,3
®‡,zhi,11,98
ÂÔ,lue,11,68
Æè,qi,11,1
´Ã,ci,11,2
È¬,quan,11,247
Ñ÷,yang,11,266
ºÛ,hen,11,1
ğ¨,jiao,11,22
°¨,ai,11,15
ºĞ,he,11,11
¿ø,kui,11,10
¸Ç,gai,11,13
µÁ,dao,11,180
ÅÌ,pan,11,3
Ê¢,sheng,11,4
íö,zi,11,58
ÃĞ,mi,11,7
¾ì,juan,11,2
íø,mou,11,8
ÑÛ,yan,11,1
×Å,zhe,11,3
Õö,zheng,11,220
½Ã,jiao,11,99
íÑ,ge,11,316
Ë¶,shuo,11,3
Æ±,piao,11,626
¼À,ji,11,70
µ,di,11,3
µ»,dao,11,31
»ö,huo,11,11
ÒÆ,yi,11,171
»à,hui,11,79
¶Œ,nong,11,1
Ò¤,yao,11,20
¾¹,jing,11,2
ÕÂ,zhang,11,1
óÏ,sheng,11,3
µÑ,di,11,12
ó×,chi,11,4
óÒ,li,11,3802
óÔ,tiao,11,121
·û,fu,11,5
±¿,ben,11,20
µÚ,di,11,3
¼ã,jian,11,13
Áı,long,11,4
óÖ,bian,11,36
Á£,li,11,18
´Ö,cu,11,297
Õ³,zhan,11,12
ôÏ,li,11,69
ÀÛ,lei,11,1
¼¨,ji,11,2
Ğ÷,xu,11,1882
ç±,ling,11,24
Ğø,xu,11,6
ç²,qi,11,3
´Â,chao,11,14
ç´,shang,11,517
Éş,sheng,11,5
Î¬,wei,11,4
Ãà,mian,11,1
³ñ,chou,11,6
ç¸,liu,11,22
ç¹,quan,11,4
ÕÀ,zhan,11,15
çº,wan,11,1
ÂÌ,lv,11,41
×º,zhui,11,11
ç»,zi,11,4
ôá,ling,11,4
ñö,ling,11,397
ÁÄ,liao,11,860
Áû,long,11,1
Ö°,zhi,11,1
²±,bo,11,8
½Å,jiao,11,1
¸¬,pu,11,9
ÍÑ,tuo,11,1
Á³,lian,11,18
¶æ,duo,11,68
ÏÏ,xian,11,5
´¬,chuan,11,28
ôµ,lu,11,7
İ¼,jing,11,56
¹½,gu,11,8
¾Õ,ju,11,5
¾ú,jun,11,7
İÅ,chang,11,9
²Ë,cai,11,23
İÕ,han,11,19
ÆĞ,pu,11,2
Áâ,ling,11,25
·Æ,fei,11,1
İÍ,cui,11,10
ÌÑ,tao,11,3
ÃÈ,meng,11,2
Æ¼,ping,11,45
Î®,wei,11,7
ÂÜ,luo,11,4
Ó©,ying,11,2
Óª,ying,11,28
İÓ,ying,11,55
Ïô,xiao,11,42
Èø,sa,11,89
Öø,zhu,11,11
Ğé,xu,11,65
òÄ,you,11,13
òÆ,zha,11,1
Çù,qu,11,5
Éß,she,11,34
¹Æ,gu,11,7
µ°,dan,11,38
òÉ,cheng,11,12
ĞÆ,xin,11,9
ÏÎ,xian,11,2
´ü,dai,11,1
Ï®,xi,11,132
¸¤,fu,11,185
ñÊ,qia,11,15
ñÌ,ken,11,15
Ä±,mou,11,4
»Ñ,huang,11,2
ÚÉ,jian,11,34
Ğ³,xie,11,2
ÚÊ,xue,11,3
ÚË,ye,11,177
Î½,wei,11,1
ÚÍ,yu,11,333
ÚÎ,xuan,11,84
²÷,chan,11,203
ÚÏ,an,11,502
Ñè,yan,11,48
ÚĞ,di,11,15
ÃÕ,mi,11,2
Ïó,xiang,11,1
êâ,zhen,11,22
ÉŞ,she,11,1
Éâ,she,11,6
ôö,nan,11,2
õÃ,fu,11,1
Öº,zhi,11,2
Ô¾,yue,11,631
õÄ,qiang,11,2
Çû,qu,11,9
¸¨,fu,11,87
Á¾,liang,11,4
åÕ,huan,11,367
´ş,dai,11,136
åÓ,kui,11,3
åÔ,wei,11,4
Òİ,yi,11,8
Âß,luo,11,90
Ğï,xu,11,5
Ò°,ye,11,49
îó,nao,11,94
îõ,cheng,11,2
Í­,tong,11,29
îö,diao,11,147
îù,zhu,11,139
ï¢,diao,11,8
Ãú,ming,11,1
½Â,jiao,11,81
²ù,chan,11,9
Òø,yin,11,2
ãÑ,chang,11,6
ãÒ,xi,11,464
ãÓ,wen,11,15
ÑÖ,yan,11,167
²û,chan,11,5
Óç,yu,11,13
Â¡,long,11,8
Ëå,sui,11,5
Úò,huang,11,492
Ëæ,sui,11,1
Òş,yin,11,9
È¸,que,11,124
Ñ©,xue,11,2
Â­,lu,11,36
Áì,ling,11,1060
ÆÄ,po,11,22
¾±,jing,11,32
ÏÚ,xian,11,111
¹İ,guan,11,9
Ø¸,kui,11,40
Æï,qi,11,11
æí,zhui,11,39
ğº,zhi,11,103
ğ»,gua,11,14
¸ë,ge,11,23
ğ½,luan,11,3
ºè,hong,11,21
Â¹,lu,11,37
Âé,ma,11,24
»Æ,huang,11,37
íè,kan,11,16
Ùô,xie,12,1
¸µ,fu,12,18
°ø,bang,12,5
ÙÏ,bin,12,35
°Á,ao,12,27
Ôä,zao,12,3
Ê£,sheng,12,5
¸î,ge,12,5
Ä¼,mu,12,4
²©,bo,12,76
ØÊ,jue,12,15
ÏÃ,sha,12,2
³ø,chu,12,1
à´,chi,12,1
Ìä,ti,12,1
à±,jiu,12,1
¿¦,ka,12,8
Î¹,wei,12,1
à«,nan,12,51
ÉÆ,shan,12,28
À®,la,12,60
ºí,hou,12,65
º°,han,12,105
à©,zha,12,3
à³,yin,12,26
´­,chuan,12,5
Ï²,xi,12,56
ºÈ,he,12,3
Ğú,xuan,12,3
Ôû,zha,12,2
Åç,pen,12,1
Ó÷,yu,12,6
à¶,lou,12,15
àµ,jie,12,1
±¤,bao,12,1
µÌ,di,12,5
¿°,kan,12,1
Ëş,ta,12,5
µì,dian,12,1
°Â,ao,12,8
æÃ,ting,12,16
æÄ,wu,12,1
Ğö,xu,12,6
Ã½,mei,12,12
ÃÄ,mei,12,4
æÂ,yuan,12,54
æÁ,ao,12,71
É©,sao,12,1
æÜ,zi,12,87
¸»,fu,12,1475
ÃÂ,mei,12,1
º®,han,12,23
Ô¢,yu,12,194
×ğ,zun,12,1
¾Í,jiu,12,43
Êô,shu,12,3
áÌ,zai,12,2
ïú,ji,12,1
Ç¶,qian,12,5
áÉ,rong,12,26
áÍ,wei,12,1
Ã±,mao,12,92
á¢,wo,12,7
·ù,fu,12,82
ß±,shi,12,22
Ç¿,qiang,12,49
åö,bi,12,1
åé,zhi,12,1
Åí,peng,12,1
Óù,yu,12,6
áå,huang,12,2
Ñ­,xun,12,16
±¯,bei,12,36
»ó,huo,12,7
»İ,hui,12,4
±¹,bei,12,7
¶è,duo,12,2
»Ì,huang,12,144
ÈÇ,re,12,5
ĞÊ,xing,12,2
ãµ,e,12,3
ã³,yun,12,9
·ß,fen,12,1
ã´,kui,12,123
À¢,kui,12,8
»Å,huang,12,18
¿®,kai,12,2542
êª,ji,12,33
ÕÆ,zhang,12,398
³¸,che,12,1
êş,bai,12,494
Şñ,kui,12,61
Èà,rou,12,36
Şï,xuan,12,2
Ìá,ti,12,35
²å,cha,12,1
Ò¾,yi,12,107
ÎÕ,wo,12,28
´§,chuai,12,4
¿«,kai,12,13
¾¾,jiu,12,62
½Ò,jie,12,6
Şé,die,12,1
Ô®,yuan,12,3
À¿,lan,12,18
²ó,chan,12,7
¸é,ge,12,59
Â§,lou,12,8
½Á,jiao,12,112
´ê,cuo,12,26
É¦,sao,12,55
ËÑ,sou,12,44
´î,da,12,22
³¨,chang,12,1
É¢,san,12,10
¶Ø,dun,12,76
¾´,jing,12,13
°ß,ban,12,11
”Ğ,jia,12,3
Ë¹,si,12,11
ÆÕ,pu,12,5
¾°,jing,12,40
Îú,xi,12,36
Çç,qing,12,50
¾§,jing,12,36
ÖÇ,zhi,12,11
ÁÀ,liang,12,6
Ôİ,zan,12,15
Êî,shu,12,27
Ôø,ceng,12,3
Ìæ,ti,12,290
×î,zui,12,10
³¯,chao,12,6
ÆÚ,qi,12,2
ÃŞ,mian,12,13
Æå,qi,12,14
¹÷,gun,12,11
°ô,bang,12,1
×Ø,zong,12,11
¼¬,ji,12,72
Åï,peng,12,169
ÌÄ,tang,12,42
É­,sen,12,4
¿Ã,ke,12,59
èş,zhao,12,14
¹×,guan,12,185
é¤,guo,12,1
ÒÎ,yi,12,16
é£,liang,12,2
Ö²,zhi,12,28
½·,jiao,12,1
ÀÆ,lang,12,4
ì¥,yi,12,12
ÆÛ,qi,12,24
¿î,kuan,12,730
éé,dan,12,57
Ìº,tan,12,3
¶É,du,12,65
Ôü,zha,12,6
ä×,wo,12,36
ÎÂ,wen,12,3
¸Û,gang,12,58
¿Ê,ke,12,1
ÓÎ,you,12,27
Ãì,miao,12,172
ÅÈ,pai,12,5
ÍÄ,tuan,12,88
ºş,hu,12,444
Ïæ,xiang,12,43
äĞ,qiu,12,8
äÎ,yan,12,13
Íå,wan,12,4
Êª,shi,12,9
À£,kui,12,9
½¦,jian,12,2
äÓ,xu,12,24
¸È,gai,12,7
×Ì,zi,12,13
»¬,hua,12,25
ÖÍ,zhi,12,78
±º,bei,12,36
·Ù,fen,12,23
½¹,jiao,12,8
ìÌ,chao,12,47
Ñæ,yan,12,50
È»,ran,12,13
Öó,zhu,12,4
ÅÆ,pai,12,5
ë¹,du,12,26
Ï¬,xi,12,1
ê÷,ji,12,26
â©,hu,12,1
ĞÉ,xing,12,8
â¬,wei,12,1
ºï,hou,12,4
»«,hua,12,3
è¡,chen,12,10
×Á,zhuo,12,1
çú,hu,12,56
ç÷,qi,12,25
çı,cong,12,2392
ÁÕ,lin,12,24
ÇÙ,qin,12,819
Åı,pi,12,141
ÅÃ,pa,12,3
Çí,qiong,12,3
çø,ying,12,4
Éû,sheng,12,13
·¬,fan,12,225
Êè,shu,12,13
¶»,dou,12,75
Í´,tong,12,121
ğì,lao,12,20
µÇ,deng,12,7
ğ©,hao,12,5
ñå,cun,12,9
íû,di,12,27
¶Ì,duan,12,18
Ïõ,xiao,12,12
Ó²,ying,12,3
È·,que,12,292
ì÷,qi,12,2
Â»,lu,12,1
ìø,chan,12,2
Çİ,qin,12,44
Ï¡,xi,12,1
ïü,lang,12,1
³Ì,cheng,12,1
ÉÔ,shao,12,73
Ë°,shui,12,19
´°,chuang,12,397
¾½,jiong,12,40
´Ü,cuan,12,9
ÎÑ,wo,12,6
¿¢,jun,12,116
Í¯,tong,12,1
óÚ,xian,12,8
µÈ,deng,12,13
½î,jin,12,1
·¤,fa,12,1
Öş,zhu,12,7
Í²,tong,12,28
´ğ,da,12,32
²ß,ce,12,5
É¸,shai,12,1
¹Y,dang,12,4
óİ,zheng,12,37
óÛ,yan,12,2
ÔÁ,yue,12,5
Öà,zhou,12,11
·à,fen,12,1
×Ï,zi,12,909
Ğõ,xu,12,256
ç¼,ke,12,6
¼ê,jian,12,236
ÀÂ,lan,12,60
ç¿,miao,12,3
¼©,ji,12,14
çÀ,hui,12,24
¶Ğ,duan,12,32
»º,huan,12,19
ÂÆ,lv,12,2
±à,bian,12,16
Ôµ,yuan,12,17
ÁJ,fu,12,5
ÏÛ,xian,12,7
Ïè,xiang,12,2
ÇÌ,qiao,12,2
ñø,guo,12,994
Áª,lian,12,261
Æ¢,pi,12,54
Ìó,tian,12,1
À°,la,12,1
Ò¸,ye,12,6
ëç,yan,12,7
¸­,fu,12,15
Ç»,qiang,12,13
Íó,wan,12,1
Êæ,shu,12,5
Ë´,shun,12,3
İæ,xuan,12,1
İà,e,12,1
Âä,luo,12,2
İá,bao,12,160
¸ğ,ge,12,19
ÆÏ,pu,12,1
¶­,dong,12,1
İâ,pa,12,25
ºù,hu,12,15
Ôá,zang,12,1
İç,jia,12,486
´Ğ,cong,12,1
İÚ,wei,12,18
¿û,kui,12,9
È,shi,12,134
İİ,qi,12,2
µÙ,di,12,20
½¯,jiang,12,1
»×,hui,12,47
ÍÜ,wa,12,14
Öë,zhu,12,1
òÔ,jiao,12,40
¸ò,ha,12,271
òË,qiong,12,7
Âù,man,12,4
Õİ,zhe,12,1
òÍ,nao,12,15
½Ö,jie,12,304
²Ã,cai,12,57
ÁÑ,lie,12,1
×°,zhuang,12,7
Ô£,yu,12,5
È¹,qun,12,1
ñÍ,lian,12,1
¿ã,ku,12,81
êë,di,12,3
õı,gu,12,133
õü,shang,12,1
Ğ»,xie,12,17
Ò¥,yao,12,7
°ù,bang,12,143
ÚÖ,shi,12,2
Ç«,qian,12,7
õõ,diao,12,1
¸³,fu,12,1
¶Ä,du,12,50
êå,ji,12,14
Êê,shu,12,6
ÉÍ,shang,12,91
´Í,ci,12,29
Åâ,pei,12,41
³Ã,chen,12,290
ôò,qie,12,3
³¬,chao,12,1
Ô½,yue,12,2
Ç÷,qu,12,1
°Ï,ba,12,12
µø,die,12,9
õÊ,jia,12,12
ÅÜ,pao,12,4
õÅ,zhi,12,23
õË,bo,12,6
¼ù,jian,12,17
±²,bei,12,38
»Ô,hui,12,5
ê¡,chuo,12,1
¹¼,gu,12,262
±Æ,bi,12,1
Óâ,yu,12,8
¶İ,dun,12,11
Ëì,sui,12,2
Óö,yu,12,14
±é,bian,12,2
¶ô,e,12,19
åÚ,xia,12,36
µÀ,dao,12,3
ÒÅ,yi,12,13
õ¢,tuo,12,4
º¨,han,12,8
ËÖ,su,12,1
ÊÍ,shi,12,1
Á¿,liang,12,4
Öı,zhu,12,35
ÆÌ,pu,12,58
ï¬,keng,12,2
Ïú,xiao,12,1
Ëø,suo,12,12
³ú,chu,12,15
¹ø,guo,12,2
Ğâ,xiu,12,1
·æ,feng,12,1
ï´,kai,12,10
À»,lan,12,304
À«,kuo,12,1
ã×,que,12,2
¸ô,ge,12,10
Ï¶,xi,12,3
Ñã,yan,12,1
ĞÛ,xiong,12,17
ÑÅ,ya,12,14
¼¯,ji,12,1
¹Í,gu,12,2
ö©,wen,12,1
ö¨,li,12,1
º«,han,12,12
¼Õ,jia,12,96
ò¤,ke,12,2
â¸,sun,12,2
÷Ï,xiang,12,1
À¡,kui,12,5
âÈ,sou,12,2
²ö,chan,12,28
Æ­,pian,12,36
æï,zhi,12,1
É§,sao,12,25
æğ,wu,12,4
Â³,lu,12,2
¾é,juan,12,80
ğÀ,hu,12,14
¶ì,e,12,1
Êò,shu,12,969
ºÚ,hei,12,5
íé,zhi,12,11
ö½,yuan,12,2
¶¦,ding,12,1
´ß,cui,13,90
Éµ,sha,13,2
Ïñ,xiang,13,1
½Ë,jiao,13,64
ÇÚ,qin,13,1
µş,die,13,17
àÄ,a,13,14
Ğá,xiu,13,10
àÉ,ai,13,1
†ã,hai,13,38
É¤,sang,13,1
àÁ,chen,13,1
ÊÈ,shi,13,6
ÎË,weng,13,3
ËÃ,si,13,42
àÍ,chi,13,1
àÀ,he,13,5
àÈ,ai,13,28
à»,ao,13,11
à½,du,13,121
Ëú,ta,13,7
ëó,cheng,13,27
ËÜ,su,13,2
ÌÁ,tang,13,3
Èû,sai,13,1
Ìî,tian,13,1
Ä¹,mu,13,761
Ï±,xi,13,8
¼Ş,jia,13,1
¼µ,ji,13,3
ÏÓ,xian,13,4
æÈ,ai,13,8
æÉ,pin,13,2
ÇŞ,qin,13,1
Ä¯,mo,13,1
ŞÏ,gan,13,1
áÔ,song,13,1
»Ï,huang,13,1
Ä»,mu,13,1
Á®,lian,13,5
áæ,yao,13,9
Î¢,wei,13,2
Ïë,xiang,13,23
³î,chou,13,1
í©,qian,13,1
Óú,yu,13,1
íª,min,13,1
Òâ,yi,13,1
ÓŞ,yu,13,3
¸Ğ,gan,13,6
´È,ci,13,1
É÷,shen,13,2
Éå,she,13,1
ê­,deng,13,3
²«,bo,13,3
´¤,chu,13,18
Şö,jian,13,1
Şù,nuo,13,14
ÌÂ,tang,13,21
°á,ban,13,1
Ğ¯,xie,13,8
Éã,she,13,8
°Ú,bai,13,19
Ò¡,yao,13,106
Ì¯,tan,13,8
Ãş,mo,13,6
Êı,shu,13,1
Õå,zhen,13,6
ĞÂ,xin,13,22
êÑ,xuan,13,1
Ï¾,xia,13,23
Å¯,nuan,13,1
°µ,an,13,4
´ª,chuan,13,6
´»,chun,13,6
³ş,chu,13,4
Àã,leng,13,11
éª,nan,13,2
é¹,mei,13,2
é®,ji,13,2
¿¬,kai,13,18
é±,qiu,13,302
éº,ying,13,29
Â¥,lou,13,121
¸Å,gai,13,2
é­,lan,13,1
ÓÜ,yu,13,2
é³,chui,13,31
é¶,cha,13,6
»±,huai,13,7
Ğª,xie,13,86
µî,dian,13,1
»Ù,hui,13,1
ëµ,yun,13,494
Ô´,yuan,13,5
äÛ,ke,13,25
Áï,liu,13,63
Òç,yi,13,72
Ïª,xi,13,3
Ëİ,su,13,2
ÈÜ,rong,13,438
Äç,ni,13,91
µá,dian,13,60
×Ò,zi,13,9
ÌÏ,tao,13,8
¹ö,gun,13,21
Âú,man,13,2
ÀÄ,lan,13,5
Ì²,tan,13,28
Àì,li,13,2
Ä®,mo,13,4
ìÑ,duan,13,56
»Í,huang,13,10
¼å,jian,13,42
É·,sha,13,10
Ãº,mei,13,53
ÕÕ,zhao,13,13
ìĞ,wei,13,284
Ï×,xian,13,1180
Ô³,yuan,13,25
è£,mao,13,3
è¦,xia,13,63
è§,nao,13,6
º÷,hu,13,113
Èğ,rui,13,1
Éª,se,13,4
¹å,gui,13,7
Õç,zhen,13,19
»û,ji,13,43
Ìµ,tan,13,2
³Õ,chi,13,23
ÃË,meng,13,1
íı,ya,13,3
¾¦,jing,13,98
Ë¯,shui,13,24
î¡,sui,13,1
¶½,du,13,24
ÄÀ,mu,13,5
²Ç,cai,13,2
¶Ã,du,13,1
°«,ai,13,2
Âµ,lu,13,41
°­,ai,13,14
Ëé,sui,13,1
±®,bei,13,1
íÔ,dui,13,2
Íë,wan,13,2
í×,chen,13,4
Åö,peng,13,20
Ù÷,bing,13,764
½û,jin,13,2822
¸£,fu,13,28
ïş,ren,13,4666
°Ş,bai,13,108
ÖÉ,zhi,13,83
³í,chou,13,29
¿ß,ku,13,60
ñ½,ke,13,1
¿ú,kui,13,6
¿ê,kuai,13,570
³ï,chou,13,1
¹o,yun,13,2
Ç©,qian,13,1
¼ò,jian,13,2
Á¸,liang,13,12
Á»,liang,13,114
¾¬,jing,13,2
¸¿,fu,13,3
·ì,feng,13,358
çÉ,gao,13,2
²ø,chan,13,21
çË,yi,13,1
çÍ,bin,13,562
ÕÖ,zhao,13,10
×ï,zui,13,6
ÁM,zhuo,13,5
ÖÃ,zhi,13,27
Êğ,shu,13,1
Èº,qun,13,52
Æ¸,pin,13,9
ÒŞ,yi,13,137
ËÁ,si,13,6
ĞÈ,xing,13,1
Èù,sai,13,252
Ñü,yao,13,3
¸¹,fu,13,105
Äå,ni,13,296
ëï,mian,13,42
ÌÚ,teng,13,1
ÍÈ,tui,13,32
¾Ë,jiu,13,181
ÃÉ,meng,13,7
Ëâ,suan,13,260
Éa,zu,13,123
ÆÑ,pu,13,18
Õô,zheng,13,1
İó,jian,13,5
İï,hao,13,363
İè,zhen,13,18
Ğî,xu,13,201
ÈØ,rong,13,4
İî,weng,13,6
İé,shi,13,136
Ëò,suo,13,34
À¶,lan,13,46
İë,mo,13,39
Åî,peng,13,83
Óİ,yu,13,6
¶ê,e,13,619
Êñ,shu,13,36
·ä,feng,13,1
ò×,shen,13,17
ÑÃ,ya,13,105
Òá,yi,13,1
ôÃ,qiu,13,5
ñÔ,bi,13,1
ñÑ,biao,13,1
ñÕ,ju,13,8
¹Ó,gua,13,5
êì,yu,13,94
½â,jie,13,306
ö¡,gong,13,8
´¥,chu,13,3
Õ²,zhan,13,34
Óş,yu,13,3
ÌÜ,teng,13,2449
½÷,jin,13,17
ÚØ,zhe,13,3
Ãı,miu,13,6
ºÑ,mo,13,1
Àµ,lai,13,1
ôó,lie,13,512
¸ú,gen,13,26
õĞ,xian,13,47
õÓ,jiao,13,2
¿ç,kua,13,3
¹ò,gui,13,458
Â·,lu,13,3
Ìø,tiao,13,92
õÎ,qiao,13,25
õÏ,bi,13,4
õÑ,xian,13,3
¶å,duo,13,2
¶ã,duo,13,9454
ê£,cou,13,14
·ø,fu,13,1
Êä,shu,13,1002
àÎ,pei,13,136
´Ç,ci,13,8
±Ù,pi,13,113
Ç²,qian,13,3
Ò£,yao,13,6
åÛ,ao,13,32
±É,bi,13,872
ÀÒ,lao,13,147
³ê,chou,13,58
½´,jiang,13,6
¼ø,jian,13,2
´í,cuo,13,108
ï½,de,13,7
ï¾,ke,13,25
Îı,xi,13,59
ïÀ,gu,13,13
Âà,luo,13,3
´¸,chui,13,5
×¶,zhui,13,2
½õ,jin,13,32
ÏÇ,xian,13,30
¶§,ding,13,2
¼ü,jian,13,3
¾â,ju,13,8
ïÅ,zi,13,1
ãØ,he,13,2
ãÙ,tian,13,15
ãÚ,que,13,209
ÕÏ,zhang,13,13
ïô,zhi,13,15
³û,chu,13,2
Áã,ling,13,21
À×,lei,13,28
±¢,bao,13,1
Îí,wu,13,9
¾¸,jing,13,1
Ñ¥,xue,13,1
°Ğ,ba,13,14
ÔÏ,yun,13,3
ÒÃ,yi,13,1
Æµ,pin,13,2
ÍÇ,tui,13,4
ò¥,han,13,8
Ó±,ying,13,11
ì¬,sou,13,32
÷»,tou,13,1
¿ı,kui,13,2
»ê,hun,13,328
öÑ,ba,13,10
öÔ,lu,13,7
±«,bao,13,5
ğÄ,wu,13,12
Èµ,que,13,2
ğÆ,an,13,54
ğÈ,chun,13,20
¹Ä,gu,13,4
Êó,shu,13,90
Áä,ling,13,7
öµ,bao,13,37
ÁÅ,liao,14,32
É®,seng,14,48
ÙÔ,jian,14,41
¾¤,jing,14,10
µÊ,deng,14,41
ØË,si,14,25
ËÔ,sou,14,6
àÒ,qi,14,30
àĞ,cao,14,48
¼Î,jia,14,10
¸Â,ga,14,1
Ğê,xu,14,5
ÛÓ,shu,14,8
¾³,jing,14,32
Êû,shu,14,100
Ç½,qiang,14,212
Ğæ,xu,14,3
â¹,yin,14,3
æÎ,piao,14,114
æË,li,14,44
µÕ,di,14,1
æÌ,yan,14,105
æÏ,chang,14,1
ÄÛ,nen,14,5047
æÍ,qiang,14,2
²ì,cha,14,4
¹Ñ,gua,14,18
å»,wu,14,13
ÁÈ,liao,14,2
åï,xi,14,7
áÖ,zhang,14,26
á£,man,14,113
á¤,zhang,14,1
±×,bi,14,41
ÕÃ,zhang,14,231
Ô¸,yuan,14,40
Ä½,mu,14,51
Âı,man,14,199
ã¼,yong,14,16
¿¶,kang,14,23
½Ø,jie,14,2
åº,qian,14,69
Ë¤,shuai,14,17
Õª,zhai,14,1
´İ,cui,14,23
Ä¡,mo,14,36
ÁÌ,liao,14,213
Æ²,pie,14,1
ÇÃ,qiao,14,12
Æì,qi,14,2
Äº,mu,14,1205
é»,zhen,14,14
°ñ,bang,14,197
é¼,fei,14,367
é¿,xie,14,2403
Áñ,liu,14,132
é½,ta,14,7
éÂ,gao,14,19
éÀ,gao,14,345
¼÷,kan,14,8
éÄ,bin,14,7
Ä£,mo,14,26
Ç¸,qian,14,165
¸è,ge,14,2
éë,bin,14,127
Ø¹,yu,14,3
µÎ,di,14,1
Æ¯,piao,14,3
Æá,qi,14,3
äõ,lu,14,3
Â©,lou,14,1
Ñİ,yan,14,27
äî,cao,14,5
Âş,man,14,244
Êş,shu,14,1
äì,xiao,14,7
äê,huang,14,618
É¿,shan,14,1
Ï¨,xi,14,6
ĞÜ,xiong,14,9
Ñ¬,xun,14,131
ÈÛ,rong,14,229
Îõ,xi,14,114
°¾,ao,14,26
êû,kao,14,3
â¯,zhang,14,2
Ñş,yao,14,3
Á§,li,14,19
ÒÉ,yi,14,3
ğø,la,14,3
ÎÁ,wen,14,6
Êİ,shou,14,52
´ñ,da,14,1
î£,rui,14,2
³ò,chou,14,24
µú,die,14,11
íÙ,jie,14,26
±Ì,bi,14,1
²ê,cha,14,10
´Å,ci,14,8
ÎÈ,wen,14,2
ñÀ,ju,14,38
½ß,jie,14,1
¶Ë,duan,14,9
¹¿,gu,14,4
»ş,ji,14,8
Ëã,suan,14,9
¹Ü,guan,14,1
óå,ze,14,10
óæ,qie,14,7
Âá,luo,14,3
óì,dan,14,26
óï,xiao,14,3
óè,ruo,14,3
óç,zhu,14,12
ôÔ,lin,14,5
ôÕ,zong,14,1119
¾«,jing,14,12
çÎ,piao,14,4
çÏ,man,14,86
Ó§,ying,14,82
Ëõ,suo,14,194
çÑ,miu,14,1
î¼,pi,14,3
´ä,cui,14,27
ôä,fei,14,1
ôã,zhu,14,207
¾Û,ju,14,31
¸¯,fu,14,75
°ò,bang,14,11
ëõ,ge,14,1
²²,bo,14,1
¸à,gao,14,4
Óß,yu,14,2
Ìò,tian,14,285
Îè,wu,14,1
Ş¤,liao,14,31
Ãï,mie,14,115
Âû,man,14,32
Îµ,wei,14,4
²Ì,cai,14,31
Ç¾,qiang,14,121
İş,lin,14,37
Ş¢,kou,14,1
°ª,ai,14,2
±Î,bi,14,1
Ş¡,qu,14,42
ÃÛ,mi,14,2
À¯,la,14,2
òâ,yu,14,9
Ó¬,ying,14,2
òå,guo,14,3
²õ,chan,14,2
òë,lang,14,47
ÉÑ,shang,14,31
¹ü,guo,14,150
ñÙ,bao,14,3
ñÚ,lv,14,8
ñ×,da,14,16
ÍÊ,tui,14,15
ÊÄ,shi,14,10
Ì·,tan,14,31
ÚÛ,qiao,14,24
Æ×,pu,14,888
ÚÜ,jue,14,25
ºÀ,hao,14,16
Ã²,mao,14,9
×¸,zhui,14,2
×¬,zuan,14,4
Èü,sai,14,2514
ºÕ,he,14,16
õÔ,liang,14,300
Ó»,yong,14,47
³ì,chou,14,285
Ô¯,yuan,14,9
Ï½,xia,14,2439
Õ·,zhan,14,7576
À±,la,14,1528
Ôâ,zao,14,239
ÕÚ,zhe,14,33
Û¶,po,14,815
õ©,tu,14,108
¿á,ku,14,4
Ëá,suan,14,6
õª,lei,14,3
õ¦,yan,14,4
Äğ,niang,14,3
öÇ,luan,14,18
ïÇ,kai,14,52
ïÏ,qiang,14,64
ÇÂ,qiao,14,8
ïñ,zhong,14,73
¶Í,duan,14,38
ïË,sou,14,136
ïÌ,huan,14,834
¶Æ,du,14,20
ïÎ,lou,14,34
ïÔ,juan,14,1
Ëí,sui,14,8
´Æ,ci,14,32
Ğè,xu,14,5
ö«,ji,14,1
öª,ting,14,2
¾²,jing,14,41
÷°,da,14,20
ÉØ,shao,14,1
¿Å,ke,14,155
âË,jin,14,12
Âø,man,14,14
Ââ,luo,14,176
æõ,cong,14,125
÷¼,ku,14,17
ÆÇ,po,14,13
öÛ,wei,14,31
öŞ,jiao,14,126
ÏÊ,xian,14,1
öß,xiang,14,39
öà,xun,14,1
÷½,gu,14,1
Ø¾,nai,14,1
±Ç,bi,14,6
½©,jiang,15,18
Æ§,pi,15,2
Áİ,lin,15,61
Åü,pi,15,5
Öö,zhu,15,5
³°,chao,15,238
Ë»,si,15,171
Îû,xi,15,144
Ò­,ye,15,1
àâ,deng,15,1
àÛ,pu,15,10716
àß,qin,15,45
àà,lu,15,86
Ü¯,chi,15,23
Ôö,zeng,15,1
Ä«,mo,15,95
¶Õ,dun,15,27
æÒ,xi,15,16
ÂÄ,lv,15,1
á¦,fan,15,73
´±,zhuang,15,27
Ó°,ying,15,1
áç,zhi,15,1
µÂ,de,15,3
»Û,hui,15,2
Î¿,wei,15,407
±ï,bie,15,4757
Ô÷,zeng,15,2
ã¾,qiao,15,60
º©,han,15,1
ã½,jing,15,2
¶®,dong,15,3
°Ã,ao,15,9
Â¾,lu,15,18
Ä¦,mo,15,6
¾ï,jue,15,33
³Å,cheng,15,3
Èö,sa,15,1
Ëº,si,15,25
×²,zhuang,15,73
³·,che,15,3
ÁÃ,liao,15,2585
²¥,bo,15,12
´é,cuo,15,1
×«,zhuan,15,5
Äì,nian,15,19
ß¢,xie,15,151
ß¥,cuan,15,595
ÇÜ,qin,15,2
·ó,fu,15,1
±©,bao,15,8
åß,xian,15,18
²Û,cao,15,7
éÈ,jin,15,22
·®,fan,15,8
éË,chu,15,1
ºá,heng,15,6
éÉ,qiang,15,60
Ó£,ying,15,1
éÏ,gan,15,4
ÅË,pan,15,10
Ç±,qian,15,1
ÁÊ,liao,15,1
Ì¶,tan,15,85
³±,chao,15,29
äú,shan,15,1
äı,chan,15,1
äü,tong,15,1
³Î,cheng,15,170
äù,si,15,1
Êì,shu,15,1
ìÙ,yun,15,1
ë»,you,15,3
â±,jue,15,5
â²,liao,15,1
è¬,ying,15,33
è«,huang,15,30
ñ£,ban,15,5017
Ì±,tan,15,247
Ï¹,xia,15,63
Â÷,man,15,146
Äë,nian,15,645
ÀÚ,lei,15,1
ÅÍ,pan,15,13
¿Ä,ke,15,1
µ¾,dao,15,9
»ü,ji,15,1
¸å,gao,15,2
¼ı,jian,15,88
Ïä,xiang,15,19
óğ,zhen,15,1
×­,zhuan,15,1
Æª,pian,15,107
Â¨,lou,15,32
ºı,hu,15,1080
çÔ,liao,15,1
ÉÉ,shan,15,3
çÕ,zeng,15,188
ôÉ,jie,15,2
ôæ,pian,15,2
´Ï,cong,15,13
ÌÅ,tang,15,17
Ï¥,xi,15,14
ËÒ,sou,15,2
Êß,shu,15,558
Ş¬,fan,15,5
½¶,jiao,15,27
Èï,rui,15,1
Ş¥,hui,15,61
Ş¨,rui,15,8
ÔÌ,yun,15,1
òò,ke,15,1
Ğ«,xie,15,1
»È,huang,15,1
òğ,fu,15,19
ºû,hu,15,4
µû,die,15,1
°ı,bao,15,1
Èì,ru,15,2
ñİ,chi,15,13
ñÜ,lan,15,1
êî,jin,15,589
êï,qu,15,1
ö£,zhi,15,123
Ç´,qian,15,3
ÚŞ,zhan,15,19
Ô¥,yu,15,53
ô÷,zhe,15,18
ÌË,tang,15,12
È¤,qu,15,2
Ì¤,ta,15,8
¾á,ju,15,1
õØ,chi,15,192
Ìß,ti,15,1
²È,cai,15,7
×Ù,zong,15,7
õÚ,dian,15,2
ÌÉ,tang,15,6
ê¤,lu,15,4
×ñ,zun,15,1
áX,lu,15,98
õ¬,pei,15,1
×í,zui,15,7
´×,cu,15,1
ïÒ,mo,15,2
Õò,zhen,15,1
ï×,yi,15,1
Ïö,xiao,15,3
Õğ,zhen,15,2
Ã¹,mei,15,1
¿¿,kao,15,2
ØÌ,ye,15,1
Ğ¬,xie,15,1
°°,an,15,2
÷³,qiao,15,8
Ìâ,ti,15,1
ÑÕ,yan,15,23
¶î,e,15,8
Æ®,piao,15,2
÷Ğ,yan,15,1
âÍ,zhuan,15,73
º¡,hai,15,1
÷À,ge,15,4
÷×,ran,15,16
÷Ê,yan,15,15
öæ,tiao,15,382
öê,ji,15,1229
øT,zhi,15,5
ğÎ,yao,15,17
º×,he,15,25
÷â,hui,15,1964
Àè,li,15,4
ì´,ji,15,5
Èå,ru,16,294
¼½,ji,16,478
Äı,ning,16,211
×ì,zui,16,6
àä,jin,16,501
Æ÷,qi,16,48
Ôë,zao,16,242
àæ,yi,16,1
‡„,qiao,16,84
±Ú,bi,16,1
ÛÕ,yong,16,4
æÓ,shan,16,21
å¾,huan,16,1
í¬,qi,16,2
ãÀ,chu,16,3
º¶,han,16,1
Ğ¸,xie,16,8
ÀÁ,lan,16,3
º³,han,16,6
ÀŞ,lei,16,18
ÉÃ,shan,16,3
²Ù,cao,16,1
Çæ,qing,16,4
Õû,zheng,16,3
ìµ,lan,16,2
éØ,xi,16,5
éÔ,qiao,16,5
é×,zun,16,82
éĞ,yue,16,91
ÇÁ,qiao,16,113
³È,cheng,16,82
éÓ,jue,16,41
³÷,chu,16,20
éÚ,yuan,16,51
éÑ,qing,16,41
ë©,chang,16,22
ë«,pu,16,25
ëª,lu,16,12
Ôè,zao,16,6
¼¤,ji,16,47
È¼,ran,16,7
ÁÇ,liao,16,2
ìÜ,fan,16,33
Ñà,yan,16,64
êñ,jiang,16,11
Ì¡,ta,16,2
Æ°,piao,16,2
ñ§,luo,16,344
È³,que,16,114
îÂ,guan,16,2
î©,piao,16,11
Æ³,pie,16,258
Ä¥,mo,16,47
íà,qing,16,8
ìû,xi,16,10
¼Ú,jia,16,2
ÄÂ,mu,16,23
ğ£,se,16,1
Áş,long,16,1
¸İ,gao,16,287
ó÷,bi,16,136
Àº,lan,16,106
Àé,li,16,18
Åñ,peng,16,23
¸â,gao,16,1
ÌÇ,tang,16,4
²Ú,cao,16,1
¿e,hu,16,2
ç×,qian,16,633
½É,jiao,16,58
ôË,xi,16,160
º²,han,16,22
ÅÕ,pang,16,61
Åò,peng,16,25
ÉÅ,shan,16,26
Õé,zhen,16,2
±¡,bao,16,3
Ş±,wei,16,8
ËF,zi,16,24
Ñ¦,xue,16,1
Şµ,bi,16,299
Ş°,hong,16,288
Ğ½,xin,16,338
ó¦,pang,16,1
ó£,xi,16,41
ÈÚ,rong,16,28
ó¤,chi,16,2
òü,ao,16,8
ó¡,ma,16,11
òş,mang,16,3
ºâ,heng,16,7
ñŞ,zhe,16,1
ÔŞ,zan,16,5
Ôù,zeng,16,2
õâ,duo,16,9
õß,chuai,16,2
õä,pian,16,1
Ìã,ti,16,54
ÕŞ,zhe,16,50
±æ,bian,16,3
±ç,bian,16,5
åá,ju,16,128
±Ü,bi,16,24
Ñû,yao,16,1
åâ,xie,16,1
õ®,ti,16,177
õ­,hu,16,4
õ¯,xu,16,229
ĞÑ,xing,16,4
ÃÑ,mi,16,214
öÉ,zan,16,80
ïŞ,yong,16,3
¾µ,jing,16,1750
µñ,diao,16,4
»ô,huo,16,22
ÄŞ,ni,16,21
ÁØ,lin,16,7
µå,dian,16,1
ÇÊ,qiao,16,40
ò©,man,16,6
µß,dian,16,1
òª,sang,16,3
ì®,biao,16,1
²Í,can,16,17
ñ“,er,16,1
÷Ù,ji,16,3
¾¨,jing,16,3
ğĞ,ying,16,93
ğÑ,zhe,16,67
õº,cuo,16,7
÷æ,zhu,16,1
Ùä,hong,16,4
Ä¬,mo,16,55
º¿,hao,17,8
Ìç,ti,17,1
ÛÖ,he,17,59
æÖ,mo,17,138
Èæ,ru,17,136
»Õ,hui,17,312
í¯,men,17,174
Å³,nuo,17,110
´÷,dai,17,2
ßª,zhuo,17,11
²Á,ca,17,145
ëü,meng,17,1
Ì´,tan,17,271
éÜ,yan,17,10
å¦,ru,17,2
åª,zhuo,17,5
Ôï,zao,17,1
¾ô,jue,17,2
ê¶,pi,17,3
ñ­,ban,17,9
ğ«,po,17,1
ÇÆ,qiao,17,4
µÉ,deng,17,16
Ë²,shun,17,159
Í«,tong,17,60
íã,deng,17,35
Á×,lin,17,1
Ëë,sui,17,33
óú,mie,17,1
´Ø,cu,17,19
óş,gui,17,29
óù,su,17,2
»É,huang,17,445
ÃÓ,mi,17,6
Ôã,zao,17,5
¿·,kang,17,41
÷ã,mi,17,1
·±,fan,17,138
ôí,yao,17,90
óÀ,qing,17,2
ÁY,ji,17,2
î¿,ji,17,2
ôè,yi,17,3
Òí,yi,17,1
âß,ying,17,2
ëş,shan,17,22
ÍÎ,tun,17,6
±Û,bi,17,2
ÒÜ,yi,17,10
ëı,sao,17,463
Ş¹,xun,17,118
²Ø,cang,17,8
Ãê,miao,17,44
Şº,xian,17,13
ó§,shi,17,2
Âİ,luo,17,3
ó°,shuai,17,85
ó¬,xi,17,1
ñß,qiang,17,1
Ïå,xiang,17,18
Öl,xia,17,5
»í,huo,17,41
ÉÄ,shan,17,14
Ó®,ying,17,1
å¿,jian,17,3
µ¸,dao,17,86
Ì£,ta,17,2
õæ,nie,17,1
±è,bian,17,10
õ°,hai,17,1
ïã,jue,17,14
ïë,deng,17,15
Ëª,shuang,17,182
Ï¼,xia,17,1
Öè,zhou,17,762
öú,qiu,17,4
öü,huang,17,1
÷ç,mi,17,1
÷ì,dai,17,219
÷í,chu,17,1
íê,fu,17,8
÷ı,han,17,1
È£,qu,17,7
ÒÍ,yi,18,13
ãÂ,meng,18,25
´Á,chuo,18,5
éß,cha,18,1
ìŞ,xian,18,3
èµ,bi,18,1
ñ±,pi,18,4
ñ®,lai,18,3
Õ°,zhan,18,24
î­,gu,18,1
ô¡,dian,18,1
ô¢,zan,18,246
·­,fan,18,9
ô¾,chong,18,3
Åº,ou,18,5
Ş¼,li,18,1
ÌÙ,teng,18,38
·ª,fan,18,36
ó´,pan,18,1
½ó,jin,18,14
¸²,fu,18,6
õ¾,cu,18,9
±Ä,beng,18,1
³ù,chu,18,8
õ²,lao,18,1
öÌ,liu,18,4
öË,ao,18,1
ïí,zhuo,18,84
öÅ,chou,18,27
÷¶,ju,18,3
±Ş,bian,18,3
÷µ,jian,18,1
îƒ,yan,18,3
÷Ñ,tie,18,6
ğ¥,fu,18,263
òJ,lu,18,4
÷Ã,lou,18,6
÷¡,ao,18,21
÷¤,guan,18,232
ğØ,lu,18,1
Ó¥,ying,18,186
Äõ,nie,19,14
áÛ,dian,19,109
ÅÊ,pan,19,42
ÔÜ,zan,19,9
±¬,bao,19,33
°ê,ban,19,40
½®,jiang,19,5
Ñ¢,xuan,19,1
ô¤,bo,19,1
²¾,bu,19,53
ô¥,lai,19,1
Ùú,lei,19,8
¸ş,geng,19,71
Ôå,zao,19,2
Ş½,huo,19,2
Ş¿,heng,19,1
Ä¢,mo,19,1
Ğ·,xie,19,5
ó¸,chan,19,4
ó·,meng,19,1
ó¶,huo,19,2
¾¯,jing,19,2
Úß,chen,19,4
µÅ,deng,19,1
²ä,ceng,19,1
õé,chu,19,29
¶×,dun,19,3
õê,jue,19,81
´Ú,cuan,19,16
õ´,jiao,19,1
ö°,ai,19,16
ÃÒ,mi,19,1
²ü,chan,19,1
æ÷,ji,19,20
±î,bie,19,1
÷è,qi,19,427
íë,fu,19,437
ÈÂ,rang,20,1
½À,jiao,20,5
ÈÀ,rang,20,1
æ×,shuang,20,29
Î¡,wei,20,12
êØ,xi,20,419
¹à,guan,20,2
âµ,huan,20,20
¼®,ji,20,6
Å´,nuo,20,5
×ë,zuan,20,3
Ò«,yao,20,4
ŞÀ,fan,20,1
Æ©,pi,20,1
Ôê,zao,20,28
ö±,xian,20,20
÷Ş,bin,20,1
Ä§,mo,20,2
ÁÛ,lin,20,4
÷ô,qing,20,2
÷ó,li,20,22
Ùç,kui,21,2
êÙ,nang,21,1
ñ²,dian,21,16
µ`,li,21,247
åñ,chan,21,17
ó»,li,21,3
´À,chun,21,18
õ¸,xun,21,2
Â¶,lu,21,128
°Ô,ba,21,1
Åù,pi,21,1
ò­,pin,21,6
Ëè,sui,21,77
÷ê,she,21,56
ÄÒ,nang,22,1324
È¿,rang,22,1
ğ¦,rang,22,1
Õº,zhan,22,2
ŞÂ,mi,22,11
Ïâ,xiang,22,1
ö²,mai,22,1
÷Ò,tao,22,1
ß¬,zuan,23,1
¹Ş,guan,23,24
îÃ,juan,23,1
ôõ,zan,23,55
È§,quan,23,37
÷ß,huan,23,38
÷ë,lin,23,2
å±,ba,24,246
´£,chu,24,2
ôî,dao,24,26
ó¼,du,24,19
áé,qu,24,1
á,ling,24,1
àì,nang,25,65
ß­,nang,25,1
ìà,cuan,30,6
